TEAM_ID,TEAM_NAME,GP,W_PCT,MIN,FGM,FGA,FG_PCT,FG3M,FG3A,FG3_PCT,FTM,FTA,FT_PCT,OREB,DREB,REB,AST,TOV,STL,BLK,BLKA,PF,PFD,PTS,PLUS_MINUS,SEASON,FG3A_RATE,FTA_RATE,FG2_PCT,AST_TOV_RATIO_TRAD,DEF_ACTIVITY,EFG_PCT_EST,TS_PCT_EST,THREE_POINT_POINT_SHARE,OREB_SHARE,FOUL_DIFFERENTIAL,SEASON_START_YEAR,TEAM_SUCCESS_GROUP
1610612737,Atlanta Hawks,82,0.585,48.4,38.6,84.4,0.458,9.9,28.4,0.35,15.6,20.0,0.783,8.3,33.8,42.1,25.6,15.0,9.1,5.9,5.0,19.1,18.3,102.8,3.6,2015-16,0.336,0.237,0.512,1.707,15.0,0.516,0.552,0.289,0.197,-0.8000000000000007,2015,Average
1610612738,Boston Celtics,82,0.585,48.2,39.2,89.2,0.439,8.7,26.1,0.335,18.5,23.5,0.788,11.6,33.3,44.9,24.2,13.7,9.2,4.2,5.5,21.9,21.0,105.7,3.2,2015-16,0.293,0.263,0.483,1.766,13.399999999999999,0.488,0.531,0.247,0.258,-0.8999999999999986,2015,Average
1610612751,Brooklyn Nets,82,0.256,48.2,38.2,84.4,0.453,6.5,18.4,0.352,15.7,20.7,0.757,10.5,31.9,42.4,22.3,14.8,7.6,4.0,5.2,18.0,18.4,98.6,-7.4,2015-16,0.218,0.245,0.48,1.507,11.6,0.491,0.527,0.198,0.248,0.3999999999999986,2015,Unsuccessful
1610612766,Charlotte Hornets,82,0.585,48.4,37.0,84.4,0.439,10.6,29.4,0.362,18.7,23.7,0.79,9.0,35.0,43.9,21.7,12.5,7.3,5.3,5.5,18.1,20.4,103.4,2.7,2015-16,0.348,0.281,0.48,1.736,12.6,0.501,0.545,0.308,0.205,2.299999999999997,2015,Average
1610612741,Chicago Bulls,82,0.512,48.5,38.6,87.4,0.441,7.9,21.4,0.371,16.5,21.0,0.787,11.1,35.2,46.3,22.8,13.9,6.0,5.7,5.7,18.8,18.7,101.6,-1.5,2015-16,0.245,0.24,0.465,1.64,11.7,0.487,0.526,0.233,0.24,-0.10000000000000142,2015,Average
1610612739,Cleveland Cavaliers,82,0.695,48.4,38.7,84.0,0.46,10.7,29.6,0.362,16.3,21.7,0.748,10.6,33.9,44.5,22.7,13.6,6.7,3.9,4.4,20.3,20.6,104.3,6.0,2015-16,0.352,0.258,0.515,1.669,10.6,0.524,0.557,0.308,0.238,0.3000000000000007,2015,Successful
1610612742,Dallas Mavericks,82,0.512,48.8,37.4,84.1,0.444,9.8,28.6,0.344,17.7,22.3,0.794,9.2,33.9,43.1,22.1,12.8,6.8,3.7,4.4,19.5,21.4,102.3,-0.3,2015-16,0.34,0.265,0.497,1.727,10.5,0.503,0.545,0.287,0.213,1.8999999999999986,2015,Average
1610612743,Denver Nuggets,82,0.402,48.4,37.7,85.4,0.442,8.0,23.7,0.338,18.5,24.1,0.766,11.5,33.1,44.6,22.7,14.7,7.4,4.8,6.3,21.0,20.9,101.9,-3.1,2015-16,0.278,0.282,0.481,1.544,12.2,0.488,0.531,0.236,0.258,-0.10000000000000142,2015,Average
1610612765,Detroit Pistons,82,0.537,48.5,37.9,86.4,0.439,9.0,26.2,0.345,17.1,25.5,0.668,12.5,33.9,46.3,19.4,13.5,7.0,3.7,4.5,19.0,21.6,102.0,0.6,2015-16,0.303,0.295,0.48,1.437,10.7,0.491,0.522,0.265,0.27,2.6000000000000014,2015,Average
1610612744,Golden State Warriors,82,0.89,48.5,42.5,87.3,0.487,13.1,31.6,0.416,16.7,21.8,0.763,10.0,36.2,46.2,28.9,15.2,8.4,6.1,4.1,20.7,19.8,114.9,10.8,2015-16,0.362,0.25,0.528,1.901,14.5,0.562,0.593,0.342,0.216,-0.8999999999999986,2015,Successful
1610612745,Houston Rockets,82,0.5,48.4,37.7,83.5,0.452,10.7,30.9,0.347,20.4,29.4,0.694,11.3,31.7,43.1,22.2,15.9,10.0,5.2,4.9,21.8,22.5,106.5,0.2,2015-16,0.37,0.352,0.513,1.396,15.2,0.516,0.552,0.301,0.262,0.6999999999999993,2015,Average
1610612754,Indiana Pacers,82,0.549,48.5,38.3,85.2,0.45,8.1,23.0,0.351,17.4,22.8,0.764,10.3,33.9,44.2,21.2,14.9,9.0,4.8,4.5,20.0,20.4,102.2,1.7,2015-16,0.27,0.268,0.486,1.423,13.8,0.497,0.537,0.238,0.233,0.3999999999999986,2015,Average
1610612746,LA Clippers,82,0.646,48.4,38.3,82.4,0.465,9.7,26.7,0.364,18.2,26.2,0.692,8.8,33.3,42.0,22.8,13.0,8.6,5.6,3.2,21.3,22.5,104.5,4.3,2015-16,0.324,0.318,0.513,1.754,14.2,0.524,0.556,0.278,0.21,1.1999999999999993,2015,Successful
1610612747,Los Angeles Lakers,82,0.207,48.1,35.1,84.8,0.414,7.8,24.6,0.317,19.3,24.7,0.781,10.7,32.3,43.0,18.0,13.7,7.2,4.1,5.6,20.3,19.2,97.3,-9.6,2015-16,0.29,0.291,0.453,1.314,11.3,0.46,0.509,0.24,0.249,-1.1000000000000014,2015,Unsuccessful
1610612763,Memphis Grizzlies,82,0.512,48.4,36.8,83.6,0.44,6.1,18.5,0.331,19.3,24.7,0.783,11.2,30.5,41.6,20.7,13.3,8.8,4.3,5.7,21.7,21.1,99.1,-2.2,2015-16,0.221,0.295,0.472,1.556,13.100000000000001,0.477,0.525,0.185,0.269,-0.5999999999999979,2015,Average
1610612748,Miami Heat,82,0.585,48.4,38.4,81.7,0.47,6.1,18.0,0.336,17.1,23.0,0.744,9.8,34.3,44.1,20.8,14.1,6.7,6.5,4.1,18.3,19.6,100.0,1.6,2015-16,0.22,0.282,0.507,1.475,13.2,0.507,0.545,0.183,0.222,1.3000000000000007,2015,Average
1610612749,Milwaukee Bucks,82,0.402,48.4,38.4,82.2,0.467,5.4,15.6,0.345,17.0,22.7,0.747,10.5,31.2,41.7,23.1,15.2,8.2,5.8,5.6,20.7,19.5,99.0,-4.2,2015-16,0.19,0.276,0.495,1.52,14.0,0.5,0.537,0.164,0.252,-1.1999999999999993,2015,Average
1610612750,Minnesota Timberwolves,82,0.354,48.5,37.7,81.3,0.464,5.5,16.4,0.338,21.4,27.0,0.792,10.0,31.5,41.6,23.4,15.0,8.0,4.6,5.2,20.7,21.6,102.4,-3.5,2015-16,0.202,0.332,0.496,1.56,12.6,0.498,0.549,0.161,0.24,0.9000000000000021,2015,Unsuccessful
1610612740,New Orleans Pelicans,82,0.366,48.2,38.5,85.9,0.448,8.6,23.8,0.36,17.3,22.2,0.776,9.5,33.1,42.6,22.2,13.4,7.7,4.2,5.2,20.9,19.9,102.7,-3.8,2015-16,0.277,0.258,0.481,1.657,11.9,0.498,0.537,0.251,0.223,-1.0,2015,Unsuccessful
1610612752,New York Knicks,82,0.39,48.3,36.9,84.0,0.439,7.4,21.5,0.346,17.2,21.4,0.805,10.4,34.0,44.4,20.5,13.4,5.7,5.7,4.2,19.7,18.5,98.4,-2.7,2015-16,0.256,0.255,0.472,1.53,11.4,0.483,0.527,0.226,0.234,-1.1999999999999993,2015,Unsuccessful
1610612760,Oklahoma City Thunder,82,0.671,48.4,41.1,86.4,0.476,8.3,23.7,0.349,19.7,25.2,0.782,13.1,35.6,48.6,23.0,15.9,7.4,5.9,4.5,20.6,20.2,110.2,7.3,2015-16,0.274,0.292,0.523,1.447,13.3,0.524,0.565,0.226,0.27,-0.40000000000000213,2015,Successful
1610612753,Orlando Magic,82,0.427,48.5,39.5,86.8,0.455,7.8,22.2,0.35,15.2,20.1,0.757,10.3,33.0,43.3,23.6,14.1,8.2,5.1,5.5,20.7,18.3,102.1,-1.6,2015-16,0.256,0.232,0.491,1.674,13.299999999999999,0.5,0.534,0.229,0.238,-2.3999999999999986,2015,Average
1610612755,Philadelphia 76ers,82,0.122,48.3,36.2,84.0,0.431,9.3,27.5,0.339,15.7,22.6,0.694,9.5,31.8,41.2,21.5,16.4,8.3,6.0,5.7,21.7,19.2,97.4,-10.2,2015-16,0.327,0.269,0.476,1.311,14.3,0.486,0.518,0.286,0.231,-2.5,2015,Unsuccessful
1610612756,Phoenix Suns,82,0.28,48.1,37.2,85.6,0.435,9.0,25.8,0.348,17.5,23.2,0.751,11.5,33.3,44.8,20.7,17.2,7.7,3.8,5.5,22.7,21.6,100.9,-6.7,2015-16,0.301,0.271,0.472,1.203,11.5,0.487,0.527,0.268,0.257,-1.0999999999999979,2015,Unsuccessful
1610612757,Portland Trail Blazers,82,0.537,48.3,38.6,85.9,0.45,10.5,28.5,0.37,17.4,23.0,0.754,11.6,33.9,45.5,21.3,14.6,6.9,4.6,5.2,21.7,19.5,105.1,0.8,2015-16,0.332,0.268,0.49,1.459,11.5,0.51,0.547,0.3,0.255,-2.1999999999999993,2015,Average
1610612758,Sacramento Kings,82,0.402,48.3,40.0,86.4,0.464,8.0,22.4,0.359,18.5,25.5,0.725,10.6,33.7,44.2,24.5,16.2,8.9,4.5,5.3,20.4,22.0,106.6,-2.5,2015-16,0.259,0.295,0.5,1.512,13.4,0.509,0.546,0.225,0.24,1.6000000000000014,2015,Average
1610612759,San Antonio Spurs,82,0.817,48.1,40.1,82.9,0.484,7.0,18.5,0.375,16.4,20.4,0.803,9.4,34.5,43.9,24.5,13.1,8.3,5.9,3.9,17.5,19.5,103.5,10.6,2015-16,0.223,0.246,0.514,1.87,14.200000000000001,0.526,0.563,0.203,0.214,2.0,2015,Successful
1610612761,Toronto Raptors,82,0.683,48.2,36.7,81.3,0.451,8.6,23.4,0.37,20.8,26.7,0.777,10.2,33.2,43.4,18.7,13.1,7.8,5.5,5.4,19.6,22.0,102.7,4.5,2015-16,0.288,0.328,0.485,1.427,13.3,0.504,0.552,0.251,0.235,2.3999999999999986,2015,Successful
1610612762,Utah Jazz,82,0.488,48.7,36.1,80.4,0.449,8.5,23.9,0.355,17.1,23.0,0.744,10.7,32.5,43.2,19.0,14.9,7.7,5.2,4.7,20.2,19.9,97.7,1.8,2015-16,0.297,0.286,0.488,1.275,12.9,0.502,0.54,0.261,0.248,-0.3000000000000007,2015,Average
1610612764,Washington Wizards,82,0.5,48.2,39.5,85.8,0.46,8.6,24.2,0.358,16.5,22.5,0.73,9.1,32.8,41.8,24.5,14.5,8.6,3.9,4.3,20.8,20.1,104.1,-0.5,2015-16,0.282,0.262,0.502,1.69,12.5,0.51,0.544,0.248,0.218,-0.6999999999999993,2015,Average
1610612737,Atlanta Hawks,82,0.524,48.5,38.1,84.4,0.451,8.9,26.1,0.341,18.1,24.9,0.728,10.3,34.1,44.3,23.6,15.8,8.2,4.8,5.2,18.2,21.6,103.2,-0.9,2016-17,0.309,0.295,0.501,1.494,13.0,0.504,0.541,0.259,0.233,3.400000000000002,2016,Average
1610612738,Boston Celtics,82,0.646,48.2,38.6,85.1,0.454,12.0,33.4,0.359,18.7,23.2,0.807,9.1,32.9,42.0,25.2,13.3,7.5,4.1,5.2,20.6,20.3,108.0,2.6,2016-17,0.392,0.273,0.515,1.895,11.6,0.524,0.567,0.333,0.217,-0.3000000000000007,2016,Successful
1610612751,Brooklyn Nets,82,0.244,48.2,37.8,85.2,0.444,10.7,31.6,0.338,19.4,24.6,0.788,8.8,35.1,43.9,21.4,16.5,7.2,4.7,5.6,21.0,20.4,105.8,-6.7,2016-17,0.371,0.289,0.506,1.297,11.9,0.506,0.551,0.303,0.2,-0.6000000000000014,2016,Unsuccessful
1610612766,Charlotte Hornets,82,0.439,48.4,37.7,85.4,0.442,10.0,28.6,0.351,19.4,23.8,0.815,8.8,34.8,43.6,23.1,11.5,7.0,4.8,5.5,16.6,19.9,104.9,0.2,2016-17,0.335,0.279,0.488,2.009,11.8,0.5,0.547,0.286,0.202,3.299999999999997,2016,Average
1610612741,Chicago Bulls,82,0.5,48.2,38.6,87.1,0.444,7.6,22.3,0.34,18.0,22.5,0.798,12.2,34.1,46.3,22.6,13.6,7.8,4.8,4.6,17.7,18.8,102.9,0.4,2016-17,0.256,0.258,0.478,1.662,12.6,0.487,0.53,0.222,0.263,1.1000000000000014,2016,Average
1610612739,Cleveland Cavaliers,82,0.622,48.5,39.9,84.9,0.47,13.0,33.9,0.384,17.5,23.3,0.748,9.3,34.4,43.7,22.7,13.7,6.6,4.0,4.3,18.1,20.6,110.3,3.2,2016-17,0.399,0.274,0.527,1.657,10.6,0.547,0.58,0.354,0.213,2.5,2016,Successful
1610612742,Dallas Mavericks,82,0.402,48.2,36.2,82.3,0.44,10.7,30.2,0.355,14.8,18.5,0.801,7.9,30.7,38.6,20.8,11.9,7.5,3.7,3.4,19.1,19.4,97.9,-2.9,2016-17,0.367,0.225,0.489,1.748,11.2,0.505,0.541,0.328,0.205,0.29999999999999716,2016,Average
1610612743,Denver Nuggets,82,0.488,48.2,41.2,87.7,0.469,10.6,28.8,0.368,18.7,24.2,0.774,11.8,34.6,46.4,25.3,15.0,6.9,3.9,4.9,19.1,20.2,111.7,0.5,2016-17,0.328,0.276,0.52,1.687,10.8,0.53,0.568,0.285,0.254,1.0999999999999979,2016,Average
1610612765,Detroit Pistons,82,0.451,48.3,39.9,88.8,0.449,7.7,23.4,0.33,13.9,19.3,0.719,11.1,34.6,45.7,21.1,11.9,7.0,3.8,4.1,17.9,17.5,101.3,-1.1,2016-17,0.264,0.217,0.492,1.773,10.8,0.493,0.521,0.228,0.243,-0.3999999999999986,2016,Average
1610612744,Golden State Warriors,82,0.817,48.2,43.1,87.1,0.495,12.0,31.2,0.383,17.8,22.6,0.788,9.4,35.0,44.4,30.4,14.8,9.6,6.8,3.8,19.3,19.4,115.9,11.6,2016-17,0.358,0.259,0.556,2.054,16.4,0.564,0.597,0.311,0.212,0.09999999999999787,2016,Successful
1610612745,Houston Rockets,82,0.671,48.2,40.3,87.2,0.462,14.4,40.3,0.357,20.3,26.5,0.766,10.9,33.5,44.4,25.2,15.1,8.2,4.3,5.0,19.9,20.4,115.3,5.8,2016-17,0.462,0.304,0.552,1.669,12.5,0.545,0.583,0.375,0.245,0.5,2016,Successful
1610612754,Indiana Pacers,82,0.512,48.4,39.3,84.5,0.465,8.6,23.0,0.376,17.9,22.1,0.81,9.0,33.0,42.0,22.5,13.8,8.2,5.0,5.0,19.5,19.5,105.1,-0.2,2016-17,0.272,0.262,0.499,1.63,13.2,0.516,0.558,0.245,0.214,0.0,2016,Average
1610612746,LA Clippers,82,0.622,48.2,39.5,83.2,0.475,10.3,27.4,0.375,19.3,26.0,0.745,9.0,34.0,43.0,22.5,13.0,7.5,4.2,3.1,19.8,22.4,108.7,4.3,2016-17,0.329,0.312,0.523,1.731,11.7,0.537,0.574,0.284,0.209,2.599999999999998,2016,Successful
1610612747,Los Angeles Lakers,82,0.317,48.1,39.3,87.4,0.45,8.9,25.7,0.346,17.0,22.6,0.754,11.4,32.1,43.5,20.9,15.2,8.2,3.9,5.4,20.7,18.5,104.6,-6.9,2016-17,0.294,0.259,0.493,1.375,12.1,0.501,0.537,0.255,0.262,-2.1999999999999993,2016,Unsuccessful
1610612763,Memphis Grizzlies,82,0.524,48.5,36.4,83.6,0.435,9.4,26.5,0.354,18.3,23.4,0.784,10.8,32.0,42.8,21.3,12.9,8.0,4.2,5.0,22.4,20.8,100.5,0.5,2016-17,0.317,0.28,0.473,1.651,12.2,0.492,0.535,0.281,0.252,-1.5999999999999979,2016,Average
1610612748,Miami Heat,82,0.5,48.2,39.0,85.8,0.455,9.9,27.0,0.365,15.2,21.6,0.706,10.6,33.0,43.6,21.2,13.4,7.2,5.7,4.9,20.5,18.7,103.2,1.1,2016-17,0.315,0.252,0.495,1.582,12.9,0.512,0.541,0.288,0.243,-1.8000000000000007,2016,Average
1610612749,Milwaukee Bucks,82,0.512,48.2,38.8,81.9,0.474,8.8,23.7,0.37,17.2,22.4,0.768,8.8,31.6,40.4,24.2,14.0,8.1,5.3,4.6,20.2,19.3,103.6,-0.2,2016-17,0.289,0.274,0.515,1.729,13.399999999999999,0.527,0.565,0.255,0.218,-0.8999999999999986,2016,Average
1610612750,Minnesota Timberwolves,82,0.378,48.3,39.5,84.4,0.467,7.3,21.0,0.349,19.3,24.2,0.799,11.4,31.0,42.4,23.7,14.0,8.0,4.5,5.0,20.1,20.5,105.6,-1.1,2016-17,0.249,0.287,0.508,1.693,12.5,0.511,0.556,0.207,0.269,0.3999999999999986,2016,Unsuccessful
1610612740,New Orleans Pelicans,82,0.415,48.5,39.1,87.0,0.45,9.4,26.8,0.35,16.7,22.3,0.75,8.6,35.1,43.7,22.8,12.9,7.8,5.5,4.2,18.2,19.3,104.3,-2.1,2016-17,0.308,0.256,0.493,1.767,13.3,0.503,0.539,0.27,0.197,1.1000000000000014,2016,Average
1610612752,New York Knicks,82,0.378,48.4,39.6,88.5,0.447,8.6,24.7,0.348,16.6,21.1,0.788,12.0,33.2,45.2,21.8,13.9,7.1,5.5,4.6,20.3,18.5,104.3,-3.7,2016-17,0.279,0.238,0.486,1.568,12.6,0.496,0.533,0.247,0.265,-1.8000000000000007,2016,Unsuccessful
1610612760,Oklahoma City Thunder,82,0.573,48.3,39.5,87.4,0.452,8.4,25.8,0.327,19.2,25.8,0.745,12.2,34.4,46.6,21.0,15.0,7.9,5.0,5.5,20.9,20.7,106.6,0.8,2016-17,0.295,0.295,0.505,1.4,12.9,0.5,0.54,0.236,0.262,-0.1999999999999993,2016,Average
1610612753,Orlando Magic,82,0.354,48.3,38.3,87.0,0.44,8.5,26.1,0.328,16.0,21.4,0.747,9.8,33.3,43.2,22.2,13.3,7.1,4.8,5.1,19.3,18.7,101.1,-6.6,2016-17,0.3,0.246,0.489,1.669,11.899999999999999,0.489,0.524,0.252,0.227,-0.6000000000000014,2016,Unsuccessful
1610612755,Philadelphia 76ers,82,0.341,48.4,37.7,85.3,0.442,10.1,29.8,0.34,17.0,22.0,0.771,9.8,33.0,42.8,23.8,16.7,8.4,5.1,5.4,21.9,19.6,102.4,-5.7,2016-17,0.349,0.258,0.497,1.425,13.5,0.501,0.539,0.296,0.229,-2.299999999999997,2016,Unsuccessful
1610612756,Phoenix Suns,82,0.293,48.4,39.9,88.5,0.45,7.5,22.6,0.332,20.4,26.3,0.776,11.9,33.1,45.0,19.6,15.4,8.2,4.9,5.3,24.8,22.2,107.7,-5.6,2016-17,0.255,0.297,0.492,1.273,13.1,0.493,0.538,0.209,0.264,-2.6000000000000014,2016,Unsuccessful
1610612757,Portland Trail Blazers,82,0.5,48.6,39.5,86.1,0.459,10.4,27.7,0.375,18.5,23.7,0.78,10.1,33.5,43.7,21.1,13.7,7.0,5.0,5.3,21.2,19.8,107.9,-0.5,2016-17,0.322,0.275,0.498,1.54,12.0,0.519,0.559,0.289,0.231,-1.3999999999999986,2016,Average
1610612758,Sacramento Kings,82,0.39,48.5,37.9,82.1,0.461,9.0,23.9,0.376,18.1,23.3,0.775,8.7,32.3,41.1,22.5,14.6,7.6,4.0,5.1,20.3,20.1,102.8,-3.9,2016-17,0.291,0.284,0.497,1.541,11.6,0.516,0.557,0.263,0.212,-0.1999999999999993,2016,Unsuccessful
1610612759,San Antonio Spurs,82,0.744,48.3,39.3,83.7,0.469,9.2,23.5,0.391,17.6,22.0,0.797,10.0,33.9,43.9,23.8,13.4,8.0,5.9,4.1,18.3,19.8,105.3,7.2,2016-17,0.281,0.263,0.5,1.776,13.9,0.524,0.564,0.262,0.228,1.5,2016,Successful
1610612761,Toronto Raptors,82,0.622,48.2,39.2,84.4,0.464,8.8,24.3,0.363,19.7,24.7,0.796,10.6,32.6,43.3,18.5,12.7,8.3,4.9,4.8,20.8,20.3,106.9,4.2,2016-17,0.288,0.293,0.506,1.457,13.200000000000001,0.517,0.561,0.247,0.245,-0.5,2016,Successful
1610612762,Utah Jazz,82,0.622,48.2,37.0,79.5,0.466,9.6,26.0,0.372,17.1,22.9,0.747,9.4,33.8,43.2,20.1,13.6,6.7,5.0,3.8,18.8,20.2,100.7,3.9,2016-17,0.327,0.288,0.512,1.478,11.7,0.526,0.562,0.286,0.218,1.3999999999999986,2016,Successful
1610612764,Washington Wizards,82,0.598,48.4,41.3,87.0,0.475,9.2,24.8,0.372,17.3,22.1,0.784,10.3,32.6,42.9,23.9,14.2,8.5,4.1,4.6,21.3,19.8,109.2,1.8,2016-17,0.285,0.254,0.516,1.683,12.6,0.528,0.564,0.253,0.24,-1.5,2016,Average
1610612737,Atlanta Hawks,82,0.293,48.1,38.2,85.5,0.446,11.2,31.0,0.36,15.8,20.2,0.785,9.1,32.8,41.9,23.7,15.5,7.8,4.2,5.5,19.6,20.3,103.4,-5.5,2017-18,0.363,0.236,0.495,1.529,12.0,0.512,0.548,0.325,0.217,0.6999999999999993,2017,Unsuccessful
1610612738,Boston Celtics,82,0.671,48.3,38.3,85.1,0.45,11.5,30.4,0.377,16.0,20.7,0.771,9.4,35.1,44.5,22.5,14.0,7.4,4.5,4.4,19.7,19.2,104.0,3.6,2017-18,0.357,0.243,0.49,1.607,11.9,0.518,0.552,0.332,0.211,-0.5,2017,Successful
1610612751,Brooklyn Nets,82,0.341,48.4,38.2,86.8,0.441,12.7,35.7,0.356,17.4,22.6,0.772,9.7,34.8,44.4,23.7,15.2,6.2,4.8,5.5,20.6,19.7,106.6,-3.7,2017-18,0.411,0.26,0.499,1.559,11.0,0.513,0.551,0.357,0.218,-0.9000000000000021,2017,Unsuccessful
1610612766,Charlotte Hornets,82,0.439,48.2,39.0,86.7,0.45,10.0,27.2,0.369,20.2,27.0,0.747,10.1,35.4,45.5,21.6,12.7,6.8,4.5,4.9,17.2,22.4,108.2,0.3,2017-18,0.314,0.311,0.487,1.701,11.3,0.507,0.549,0.277,0.222,5.199999999999999,2017,Average
1610612741,Chicago Bulls,82,0.329,48.4,38.7,88.8,0.435,11.0,31.1,0.355,14.6,19.2,0.759,9.6,35.0,44.7,23.5,14.0,7.6,3.5,5.2,19.2,17.4,102.9,-7.0,2017-18,0.35,0.216,0.48,1.679,11.1,0.498,0.529,0.321,0.215,-1.8000000000000007,2017,Unsuccessful
1610612739,Cleveland Cavaliers,82,0.61,48.1,40.4,84.8,0.476,12.0,32.1,0.372,18.1,23.3,0.779,8.5,33.7,42.1,23.4,13.7,7.1,3.8,4.1,18.6,20.7,110.9,0.9,2017-18,0.379,0.275,0.539,1.708,10.899999999999999,0.547,0.583,0.325,0.202,2.099999999999998,2017,Successful
1610612742,Dallas Mavericks,82,0.293,48.3,38.1,85.9,0.444,11.8,32.8,0.36,14.2,18.7,0.763,8.1,33.1,41.3,22.7,12.3,7.0,3.8,4.5,19.2,19.6,102.3,-3.0,2017-18,0.382,0.218,0.495,1.846,10.8,0.512,0.543,0.346,0.196,0.40000000000000213,2017,Unsuccessful
1610612743,Denver Nuggets,82,0.561,48.5,40.7,86.6,0.47,11.5,30.9,0.371,17.1,22.3,0.767,11.0,33.5,44.5,25.1,15.0,7.6,4.9,4.8,18.7,20.7,110.0,1.5,2017-18,0.357,0.258,0.524,1.673,12.5,0.536,0.57,0.314,0.247,2.0,2017,Average
1610612765,Detroit Pistons,82,0.476,48.3,39.1,86.9,0.45,10.8,28.9,0.373,14.7,19.8,0.745,10.1,33.6,43.7,22.8,13.4,7.7,3.9,4.9,18.4,18.4,103.8,-0.1,2017-18,0.333,0.228,0.488,1.701,11.6,0.512,0.543,0.312,0.231,0.0,2017,Average
1610612744,Golden State Warriors,82,0.707,48.1,42.8,85.1,0.503,11.3,28.9,0.391,16.6,20.3,0.815,8.4,35.1,43.5,29.3,15.4,8.0,7.5,3.7,19.6,18.5,113.5,6.0,2017-18,0.34,0.239,0.56,1.903,15.5,0.569,0.604,0.299,0.193,-1.1000000000000014,2017,Successful
1610612745,Houston Rockets,82,0.793,48.2,38.7,84.2,0.46,15.3,42.3,0.362,19.6,25.1,0.781,9.0,34.5,43.5,21.5,13.8,8.5,4.8,4.4,19.5,20.4,112.4,8.5,2017-18,0.502,0.298,0.558,1.558,13.3,0.55,0.59,0.408,0.207,0.8999999999999986,2017,Successful
1610612754,Indiana Pacers,82,0.585,48.2,40.8,86.4,0.472,9.0,24.5,0.369,14.9,19.2,0.779,9.6,32.7,42.3,22.2,13.3,8.8,4.1,5.2,18.8,18.5,105.6,1.4,2017-18,0.284,0.222,0.514,1.669,12.9,0.524,0.557,0.256,0.227,-0.3000000000000007,2017,Average
1610612746,LA Clippers,82,0.512,48.1,40.3,85.4,0.471,9.5,26.8,0.354,19.0,25.5,0.743,10.1,33.7,43.9,22.3,14.7,7.7,4.5,5.6,20.0,22.0,109.0,0.0,2017-18,0.314,0.299,0.526,1.517,12.2,0.528,0.564,0.261,0.23,2.0,2017,Average
1610612747,Los Angeles Lakers,82,0.427,48.5,40.7,88.4,0.461,10.0,29.1,0.345,16.6,23.3,0.714,10.7,35.7,46.4,23.8,15.8,7.7,4.7,5.5,21.2,20.5,108.1,-1.5,2017-18,0.329,0.264,0.518,1.506,12.4,0.517,0.548,0.278,0.231,-0.6999999999999993,2017,Average
1610612763,Memphis Grizzlies,82,0.268,48.1,36.7,82.8,0.444,9.2,26.2,0.352,16.6,21.1,0.786,9.5,31.0,40.5,21.5,15.0,7.5,4.8,5.1,23.2,20.4,99.3,-6.2,2017-18,0.316,0.255,0.486,1.433,12.3,0.499,0.539,0.278,0.235,-2.8000000000000007,2017,Unsuccessful
1610612748,Miami Heat,82,0.537,48.6,38.8,85.3,0.455,11.0,30.6,0.36,14.7,19.5,0.755,9.3,34.2,43.5,22.7,14.4,7.6,5.3,4.6,20.1,19.4,103.4,0.5,2017-18,0.359,0.229,0.508,1.576,12.899999999999999,0.519,0.551,0.319,0.214,-0.7000000000000028,2017,Average
1610612749,Milwaukee Bucks,82,0.537,48.4,39.7,83.0,0.478,8.8,24.7,0.355,18.3,23.4,0.783,8.4,31.5,39.8,23.2,13.8,8.8,5.4,4.5,21.4,19.9,106.5,-0.3,2017-18,0.298,0.282,0.53,1.681,14.200000000000001,0.531,0.571,0.248,0.211,-1.5,2017,Average
1610612750,Minnesota Timberwolves,82,0.573,48.3,41.0,86.1,0.476,8.0,22.5,0.357,19.4,24.1,0.804,10.3,31.6,42.0,22.7,12.5,8.4,4.2,4.7,18.2,20.9,109.5,2.2,2017-18,0.261,0.28,0.519,1.816,12.600000000000001,0.523,0.566,0.219,0.245,2.6999999999999993,2017,Average
1610612740,New Orleans Pelicans,82,0.585,48.7,42.7,88.3,0.483,10.2,28.2,0.362,16.1,20.9,0.772,8.7,35.6,44.3,26.8,14.9,8.0,5.9,4.2,19.1,20.4,111.7,1.3,2017-18,0.319,0.237,0.541,1.799,13.9,0.541,0.573,0.274,0.196,1.2999999999999972,2017,Average
1610612752,New York Knicks,82,0.354,48.4,40.7,87.7,0.464,8.2,23.3,0.352,14.9,19.0,0.787,10.5,33.6,44.0,23.3,14.7,6.7,5.1,4.7,20.5,18.4,104.5,-3.6,2017-18,0.266,0.217,0.505,1.585,11.8,0.511,0.544,0.235,0.239,-2.1000000000000014,2017,Unsuccessful
1610612760,Oklahoma City Thunder,82,0.585,48.4,39.9,88.1,0.453,10.7,30.4,0.354,17.3,24.2,0.716,12.5,32.6,45.1,21.3,14.0,9.1,5.0,4.6,20.2,21.3,107.9,3.4,2017-18,0.345,0.275,0.506,1.521,14.1,0.514,0.546,0.297,0.277,1.1000000000000014,2017,Average
1610612753,Orlando Magic,82,0.305,48.1,38.8,85.9,0.452,10.3,29.3,0.351,15.5,20.5,0.757,8.8,32.8,41.6,23.4,14.5,7.6,4.9,4.9,19.3,19.0,103.4,-4.8,2017-18,0.341,0.239,0.504,1.614,12.5,0.512,0.545,0.299,0.212,-0.3000000000000007,2017,Unsuccessful
1610612755,Philadelphia 76ers,82,0.634,48.2,40.8,86.6,0.472,11.0,29.8,0.369,17.1,22.8,0.752,10.9,36.5,47.4,27.1,16.5,8.3,5.1,5.1,22.1,20.4,109.8,4.5,2017-18,0.344,0.263,0.525,1.642,13.4,0.535,0.568,0.301,0.23,-1.7000000000000028,2017,Successful
1610612756,Phoenix Suns,82,0.256,48.1,38.5,87.1,0.442,9.3,27.9,0.334,17.7,23.9,0.741,10.3,33.9,44.1,21.3,15.7,6.9,4.5,6.0,22.0,20.9,103.9,-9.4,2017-18,0.32,0.274,0.493,1.357,11.4,0.495,0.532,0.269,0.234,-1.1000000000000014,2017,Unsuccessful
1610612757,Portland Trail Blazers,82,0.598,48.2,39.3,87.0,0.452,10.3,28.1,0.366,16.7,20.9,0.8,10.2,35.3,45.5,19.5,13.5,7.0,5.2,5.1,19.5,19.1,105.6,2.6,2017-18,0.323,0.24,0.492,1.444,12.2,0.511,0.549,0.293,0.224,-0.3999999999999986,2017,Average
1610612758,Sacramento Kings,82,0.329,48.2,38.8,86.1,0.45,9.0,24.0,0.375,12.3,16.7,0.735,9.5,31.4,40.9,21.6,13.7,7.8,4.1,4.7,20.0,17.3,98.8,-7.0,2017-18,0.279,0.194,0.48,1.577,11.899999999999999,0.503,0.529,0.273,0.232,-2.6999999999999993,2017,Unsuccessful
1610612759,San Antonio Spurs,82,0.573,48.1,39.0,85.4,0.457,8.5,24.1,0.352,16.1,20.9,0.772,10.4,33.9,44.2,22.8,13.1,7.7,5.6,3.9,17.2,19.7,102.7,2.9,2017-18,0.282,0.245,0.498,1.74,13.3,0.506,0.543,0.248,0.235,2.5,2017,Average
1610612761,Toronto Raptors,82,0.72,48.4,41.3,87.4,0.472,11.8,33.0,0.358,17.3,21.8,0.794,9.8,34.2,44.0,24.3,13.4,7.6,6.1,4.9,21.7,19.9,111.7,7.8,2017-18,0.378,0.249,0.542,1.813,13.7,0.54,0.576,0.317,0.223,-1.8000000000000007,2017,Successful
1610612762,Utah Jazz,82,0.585,48.2,38.3,82.9,0.462,10.8,29.6,0.366,16.8,21.5,0.779,9.0,34.2,43.3,22.4,14.7,8.6,5.1,4.6,19.6,20.5,104.1,4.3,2017-18,0.357,0.259,0.516,1.524,13.7,0.527,0.564,0.311,0.208,0.8999999999999986,2017,Average
1610612764,Washington Wizards,82,0.524,48.4,39.9,85.6,0.467,9.9,26.5,0.375,16.8,21.8,0.772,10.0,33.1,43.1,25.2,14.6,7.9,4.3,4.7,21.3,20.0,106.6,0.6,2017-18,0.31,0.255,0.508,1.726,12.2,0.524,0.56,0.279,0.232,-1.3000000000000007,2017,Average
1610612737,Atlanta Hawks,82,0.354,48.4,41.4,91.8,0.451,13.0,37.0,0.352,17.6,23.4,0.752,11.6,34.5,46.1,25.8,17.0,8.2,5.1,5.5,23.6,22.2,113.3,-6.0,2018-19,0.403,0.255,0.518,1.518,13.299999999999999,0.522,0.555,0.344,0.252,-1.4000000000000021,2018,Unsuccessful
1610612738,Boston Celtics,82,0.598,48.2,42.1,90.5,0.465,12.6,34.5,0.365,15.6,19.5,0.802,9.8,34.7,44.5,26.3,12.8,8.6,5.3,3.9,20.4,19.5,112.4,4.4,2018-19,0.381,0.215,0.527,2.055,13.899999999999999,0.535,0.567,0.336,0.22,-0.8999999999999986,2018,Average
1610612751,Brooklyn Nets,82,0.512,48.7,40.3,89.7,0.449,12.8,36.2,0.353,19.0,25.5,0.745,11.0,35.6,46.6,23.8,15.1,6.6,4.1,5.3,21.5,22.0,112.2,-0.1,2018-19,0.404,0.284,0.514,1.576,10.7,0.521,0.556,0.342,0.236,0.5,2018,Average
1610612766,Charlotte Hornets,82,0.476,48.4,40.2,89.8,0.448,11.9,33.9,0.351,18.4,23.1,0.797,9.9,33.9,43.8,23.2,12.2,7.2,4.9,6.0,18.9,20.6,110.7,-1.1,2018-19,0.378,0.257,0.506,1.902,12.100000000000001,0.514,0.554,0.322,0.226,1.7000000000000028,2018,Average
1610612741,Chicago Bulls,82,0.268,48.5,39.8,87.9,0.453,9.1,25.9,0.351,16.2,20.7,0.783,8.8,34.1,42.9,21.9,14.1,7.4,4.3,5.8,20.3,18.7,104.9,-8.4,2018-19,0.295,0.235,0.495,1.553,11.7,0.505,0.541,0.26,0.205,-1.6000000000000014,2018,Unsuccessful
1610612739,Cleveland Cavaliers,82,0.232,48.2,38.9,87.6,0.444,10.3,29.1,0.355,16.4,20.7,0.792,10.7,31.9,42.7,20.7,13.5,6.5,2.4,5.6,20.0,19.4,104.5,-9.6,2018-19,0.332,0.236,0.489,1.533,8.9,0.503,0.54,0.296,0.251,-0.6000000000000014,2018,Unsuccessful
1610612742,Dallas Mavericks,82,0.402,48.2,38.8,86.9,0.447,12.5,36.6,0.34,18.8,25.3,0.742,10.1,35.2,45.3,23.4,14.2,6.5,4.3,4.5,20.1,23.2,108.9,-1.3,2018-19,0.421,0.291,0.523,1.648,10.8,0.518,0.555,0.344,0.223,3.099999999999998,2018,Average
1610612743,Denver Nuggets,82,0.659,48.1,41.9,90.0,0.466,11.0,31.4,0.351,15.8,20.9,0.755,11.9,34.5,46.4,27.4,13.4,7.7,4.4,5.0,20.0,20.4,110.7,4.0,2018-19,0.349,0.232,0.527,2.045,12.100000000000001,0.527,0.558,0.298,0.256,0.3999999999999986,2018,Successful
1610612765,Detroit Pistons,82,0.5,48.4,38.8,88.3,0.44,12.1,34.8,0.348,17.3,23.1,0.747,11.4,33.6,45.0,22.5,13.8,6.9,4.0,5.1,22.1,21.3,107.0,-0.2,2018-19,0.394,0.262,0.499,1.63,10.9,0.508,0.543,0.339,0.253,-0.8000000000000007,2018,Average
1610612744,Golden State Warriors,82,0.695,48.3,44.0,89.8,0.491,13.3,34.4,0.385,16.3,20.4,0.801,9.7,36.5,46.2,29.4,14.3,7.6,6.4,3.6,21.4,19.5,117.7,6.5,2018-19,0.383,0.227,0.554,2.056,14.0,0.564,0.596,0.339,0.21,-1.8999999999999986,2018,Successful
1610612745,Houston Rockets,82,0.646,48.4,39.2,87.4,0.449,16.1,45.4,0.356,19.3,24.4,0.791,10.2,31.9,42.1,21.2,13.3,8.5,4.9,4.5,22.0,20.0,113.9,4.8,2018-19,0.519,0.279,0.55,1.594,13.4,0.541,0.58,0.424,0.242,-2.0,2018,Successful
1610612754,Indiana Pacers,82,0.585,48.1,41.3,87.0,0.475,9.5,25.4,0.374,15.8,21.1,0.752,9.3,33.7,43.0,26.0,13.7,8.7,4.9,5.2,19.4,20.0,108.0,3.3,2018-19,0.292,0.243,0.516,1.898,13.6,0.529,0.561,0.264,0.216,0.6000000000000014,2018,Average
1610612746,LA Clippers,82,0.585,48.4,41.3,87.5,0.471,10.0,25.8,0.388,22.6,28.5,0.792,9.7,35.8,45.5,24.0,14.5,6.8,4.7,6.1,23.3,24.0,115.1,0.9,2018-19,0.295,0.326,0.507,1.655,11.5,0.529,0.575,0.261,0.213,0.6999999999999993,2018,Average
1610612747,Los Angeles Lakers,82,0.451,48.2,42.6,90.5,0.47,10.3,31.0,0.333,16.3,23.3,0.699,10.2,36.4,46.6,25.6,15.7,7.5,5.4,5.1,20.7,20.8,111.8,-1.7,2018-19,0.343,0.257,0.543,1.631,12.9,0.528,0.555,0.276,0.219,0.10000000000000142,2018,Average
1610612763,Memphis Grizzlies,82,0.402,48.5,38.0,84.4,0.45,9.9,28.9,0.342,17.7,23.0,0.772,8.8,33.0,41.8,23.9,14.0,8.3,5.5,4.9,22.0,21.4,103.5,-2.6,2018-19,0.342,0.273,0.506,1.707,13.8,0.509,0.548,0.287,0.211,-0.6000000000000014,2018,Average
1610612748,Miami Heat,82,0.476,48.1,39.6,88.0,0.45,11.3,32.4,0.349,15.1,21.7,0.695,11.2,35.1,46.3,24.3,14.7,7.6,5.5,4.7,20.9,20.1,105.7,-0.2,2018-19,0.368,0.247,0.509,1.653,13.1,0.514,0.542,0.321,0.242,-0.7999999999999972,2018,Average
1610612749,Milwaukee Bucks,82,0.732,48.2,43.4,91.1,0.476,13.5,38.2,0.353,17.9,23.2,0.773,9.3,40.4,49.7,26.0,13.9,7.5,5.9,4.8,19.6,20.2,118.1,8.9,2018-19,0.419,0.255,0.565,1.871,13.4,0.55,0.583,0.343,0.187,0.5999999999999979,2018,Successful
1610612750,Minnesota Timberwolves,82,0.439,48.4,41.6,91.3,0.456,10.1,28.7,0.351,19.1,24.3,0.787,11.3,33.5,44.8,24.6,13.1,8.3,5.0,5.5,20.3,21.9,112.5,-1.5,2018-19,0.314,0.266,0.503,1.878,13.3,0.511,0.552,0.269,0.252,1.5999999999999979,2018,Average
1610612740,New Orleans Pelicans,82,0.402,48.2,43.7,92.2,0.473,10.3,29.9,0.344,17.8,23.4,0.761,11.1,36.2,47.3,27.0,14.8,7.4,5.4,5.4,21.1,21.0,115.4,-1.3,2018-19,0.324,0.254,0.536,1.824,12.8,0.53,0.563,0.268,0.235,-0.10000000000000142,2018,Average
1610612752,New York Knicks,82,0.207,48.2,38.2,88.3,0.433,10.0,29.5,0.34,18.1,23.9,0.759,10.5,34.3,44.7,20.1,14.0,6.8,5.1,5.6,20.9,20.8,104.6,-9.2,2018-19,0.334,0.271,0.48,1.436,11.899999999999999,0.489,0.529,0.287,0.235,-0.09999999999999787,2018,Unsuccessful
1610612760,Oklahoma City Thunder,82,0.598,48.4,42.6,94.0,0.454,11.4,32.6,0.348,17.8,25.0,0.713,12.6,35.5,48.1,23.4,14.0,9.3,5.2,5.1,22.4,22.5,114.5,3.4,2018-19,0.347,0.266,0.508,1.671,14.5,0.514,0.545,0.299,0.262,0.10000000000000142,2018,Average
1610612753,Orlando Magic,82,0.512,48.2,40.4,89.1,0.454,11.4,32.1,0.356,15.0,19.2,0.782,10.0,35.4,45.4,25.5,13.2,6.6,5.4,4.4,18.6,18.7,107.3,0.7,2018-19,0.36,0.215,0.509,1.932,12.0,0.517,0.55,0.319,0.22,0.09999999999999787,2018,Average
1610612755,Philadelphia 76ers,82,0.622,48.3,41.5,88.2,0.471,10.8,30.2,0.359,21.2,27.5,0.771,10.9,36.9,47.8,26.9,14.9,7.4,5.3,4.1,21.3,22.1,115.2,2.7,2018-19,0.342,0.312,0.529,1.805,12.7,0.532,0.574,0.281,0.228,0.8000000000000007,2018,Successful
1610612756,Phoenix Suns,82,0.232,48.5,40.1,87.4,0.459,9.6,29.3,0.329,17.6,22.7,0.779,9.1,31.3,40.4,23.9,15.6,9.0,5.1,5.0,23.6,20.7,107.5,-9.3,2018-19,0.335,0.26,0.525,1.532,14.1,0.514,0.552,0.268,0.225,-2.900000000000002,2018,Unsuccessful
1610612757,Portland Trail Blazers,82,0.646,48.4,42.3,90.6,0.467,11.0,30.7,0.359,19.0,23.3,0.814,11.8,36.2,48.0,23.0,13.8,6.7,5.0,5.1,20.4,20.7,114.7,4.2,2018-19,0.339,0.257,0.523,1.667,11.7,0.528,0.569,0.288,0.246,0.3000000000000007,2018,Successful
1610612758,Sacramento Kings,82,0.476,48.1,43.2,93.1,0.464,11.3,29.9,0.378,16.5,22.7,0.726,11.0,34.4,45.4,25.4,13.4,8.3,4.4,5.1,21.4,21.4,114.2,-1.1,2018-19,0.321,0.244,0.505,1.896,12.700000000000001,0.525,0.554,0.297,0.242,0.0,2018,Average
1610612759,San Antonio Spurs,82,0.585,48.3,42.3,88.4,0.478,9.9,25.3,0.392,17.2,21.0,0.819,9.2,35.5,44.7,24.5,12.1,6.1,4.7,4.0,18.1,19.6,111.7,1.7,2018-19,0.286,0.238,0.513,2.025,10.8,0.535,0.572,0.266,0.206,1.5,2018,Average
1610612761,Toronto Raptors,82,0.707,48.5,42.2,89.1,0.474,12.4,33.8,0.366,17.7,22.0,0.804,9.6,35.6,45.2,25.4,14.0,8.3,5.3,4.5,21.0,20.5,114.4,6.1,2018-19,0.379,0.247,0.539,1.814,13.600000000000001,0.543,0.579,0.325,0.212,-0.5,2018,Successful
1610612762,Utah Jazz,82,0.61,48.2,40.4,86.4,0.468,12.1,34.0,0.356,18.8,25.5,0.736,10.0,36.4,46.4,26.0,15.1,8.1,5.9,4.6,21.1,22.4,111.7,5.3,2018-19,0.394,0.295,0.54,1.722,14.0,0.538,0.572,0.325,0.216,1.2999999999999972,2018,Successful
1610612764,Washington Wizards,82,0.39,48.6,42.1,90.1,0.468,11.3,33.3,0.341,18.4,23.9,0.768,9.7,32.7,42.4,26.3,14.1,8.3,4.6,4.6,20.7,21.2,114.0,-2.9,2018-19,0.37,0.265,0.542,1.865,12.9,0.53,0.567,0.297,0.229,0.5,2018,Unsuccessful
1610612737,Atlanta Hawks,67,0.299,48.6,40.6,90.6,0.449,12.0,36.1,0.333,18.5,23.4,0.79,9.9,33.4,43.3,24.0,16.2,7.8,5.1,6.4,23.1,21.0,111.8,-8.0,2019-20,0.398,0.258,0.525,1.481,12.899999999999999,0.514,0.554,0.322,0.229,-2.1000000000000014,2019,Unsuccessful
1610612738,Boston Celtics,72,0.667,48.4,41.3,89.6,0.461,12.6,34.5,0.364,18.6,23.2,0.801,10.7,35.4,46.1,23.0,13.8,8.3,5.6,5.5,21.6,20.7,113.7,6.3,2019-20,0.385,0.259,0.521,1.667,13.9,0.531,0.57,0.332,0.232,-0.9000000000000021,2019,Successful
1610612751,Brooklyn Nets,72,0.486,48.6,40.4,90.3,0.448,13.1,38.1,0.343,17.9,24.1,0.745,10.6,37.3,47.9,24.5,15.3,6.4,4.5,5.3,21.0,21.1,111.8,-0.6,2019-20,0.422,0.267,0.523,1.601,10.9,0.52,0.554,0.352,0.221,0.10000000000000142,2019,Average
1610612766,Charlotte Hornets,65,0.354,48.5,37.3,85.9,0.434,12.1,34.3,0.352,16.2,21.6,0.748,11.0,31.8,42.8,23.8,14.6,6.6,4.1,5.0,18.8,20.6,102.9,-6.8,2019-20,0.399,0.251,0.488,1.63,10.7,0.505,0.539,0.353,0.257,1.8000000000000007,2019,Unsuccessful
1610612741,Chicago Bulls,65,0.338,48.2,39.6,88.6,0.447,12.2,35.1,0.348,15.5,20.5,0.755,10.5,31.4,41.9,23.2,15.5,10.0,4.1,5.9,21.8,19.2,106.8,-3.1,2019-20,0.396,0.231,0.512,1.497,14.1,0.516,0.547,0.343,0.251,-2.6000000000000014,2019,Unsuccessful
1610612739,Cleveland Cavaliers,65,0.292,48.4,40.3,87.9,0.458,11.2,31.8,0.351,15.1,19.9,0.758,10.8,33.4,44.2,23.1,16.5,6.9,3.2,6.3,18.3,19.6,106.9,-7.9,2019-20,0.362,0.226,0.519,1.4,10.100000000000001,0.522,0.553,0.314,0.244,1.3000000000000007,2019,Unsuccessful
1610612742,Dallas Mavericks,75,0.573,48.5,41.7,90.3,0.461,15.1,41.3,0.367,18.6,23.8,0.779,10.5,36.4,46.9,24.7,12.7,6.1,4.8,4.1,19.5,21.3,117.0,4.9,2019-20,0.457,0.264,0.543,1.945,10.899999999999999,0.545,0.581,0.387,0.224,1.8000000000000007,2019,Average
1610612743,Denver Nuggets,73,0.63,48.6,42.0,88.9,0.473,11.0,30.6,0.359,16.2,20.9,0.777,10.8,33.4,44.1,26.7,13.8,8.0,4.6,4.4,20.3,20.5,111.3,2.1,2019-20,0.344,0.235,0.532,1.935,12.6,0.534,0.567,0.296,0.245,0.1999999999999993,2019,Successful
1610612765,Detroit Pistons,66,0.303,48.4,39.3,85.7,0.459,12.0,32.7,0.367,16.6,22.4,0.743,9.8,32.0,41.7,24.1,15.3,7.4,4.5,5.6,19.7,19.8,107.2,-3.6,2019-20,0.382,0.261,0.515,1.575,11.9,0.529,0.561,0.336,0.235,0.10000000000000142,2019,Unsuccessful
1610612744,Golden State Warriors,65,0.231,48.4,38.6,88.2,0.438,10.4,31.3,0.334,18.7,23.2,0.803,10.0,32.9,42.8,25.6,14.9,8.2,4.6,4.9,20.1,20.1,106.3,-8.7,2019-20,0.355,0.263,0.496,1.718,12.799999999999999,0.497,0.54,0.294,0.234,0.0,2019,Unsuccessful
1610612745,Houston Rockets,72,0.611,48.3,40.8,90.4,0.451,15.6,45.3,0.345,20.6,26.1,0.791,9.8,34.5,44.3,21.6,14.7,8.7,5.2,4.9,21.8,21.0,117.8,3.0,2019-20,0.501,0.289,0.559,1.469,13.899999999999999,0.538,0.578,0.397,0.221,-0.8000000000000007,2019,Successful
1610612754,Indiana Pacers,73,0.616,48.3,42.1,88.5,0.476,10.2,28.0,0.363,15.0,19.1,0.787,8.7,34.1,42.8,25.9,13.2,7.4,5.2,4.6,19.8,18.8,109.4,2.0,2019-20,0.316,0.216,0.527,1.962,12.600000000000001,0.533,0.564,0.28,0.203,-1.0,2019,Successful
1610612746,LA Clippers,72,0.681,48.3,41.6,89.2,0.466,12.4,33.5,0.371,20.8,26.3,0.791,10.7,37.0,47.7,23.7,14.6,7.1,4.7,4.7,22.1,22.9,116.3,6.4,2019-20,0.376,0.295,0.524,1.623,11.8,0.536,0.577,0.32,0.224,0.7999999999999972,2019,Successful
1610612747,Los Angeles Lakers,71,0.732,48.1,42.3,88.3,0.48,11.0,31.6,0.349,17.7,24.3,0.729,10.7,35.1,45.7,25.4,15.2,8.6,6.6,3.7,20.7,21.7,113.4,5.8,2019-20,0.358,0.275,0.552,1.671,15.2,0.541,0.573,0.291,0.234,1.0,2019,Successful
1610612763,Memphis Grizzlies,73,0.466,48.1,42.5,90.9,0.468,10.9,31.5,0.347,16.6,21.8,0.763,10.3,36.2,46.5,26.9,15.2,7.9,5.5,5.3,21.2,20.2,112.6,-1.1,2019-20,0.347,0.24,0.532,1.77,13.4,0.528,0.56,0.29,0.222,-1.0,2019,Average
1610612748,Miami Heat,73,0.603,48.6,39.5,84.4,0.468,13.4,35.4,0.379,19.7,25.2,0.783,8.5,35.9,44.4,25.9,14.9,7.5,4.5,4.1,20.6,21.7,112.0,2.9,2019-20,0.419,0.299,0.533,1.738,12.0,0.547,0.586,0.359,0.191,1.0999999999999979,2019,Successful
1610612749,Milwaukee Bucks,73,0.767,48.2,43.3,90.9,0.476,13.8,38.9,0.355,18.3,24.7,0.742,9.5,42.2,51.7,25.9,15.1,7.2,5.9,4.5,19.6,21.7,118.7,10.1,2019-20,0.428,0.272,0.567,1.715,13.100000000000001,0.552,0.583,0.349,0.184,2.099999999999998,2019,Successful
1610612750,Minnesota Timberwolves,64,0.297,48.6,40.4,91.6,0.441,13.3,39.7,0.336,19.1,25.4,0.753,10.5,34.3,44.8,23.8,15.3,8.7,5.7,5.5,21.4,21.6,113.3,-4.3,2019-20,0.433,0.277,0.522,1.556,14.399999999999999,0.514,0.551,0.352,0.234,0.20000000000000284,2019,Unsuccessful
1610612740,New Orleans Pelicans,72,0.417,48.4,42.6,91.6,0.465,13.6,36.9,0.37,17.1,23.4,0.729,11.1,35.4,46.5,26.8,16.4,7.5,5.0,4.8,21.2,21.1,115.8,-1.3,2019-20,0.403,0.255,0.53,1.634,12.5,0.539,0.568,0.352,0.239,-0.09999999999999787,2019,Average
1610612752,New York Knicks,66,0.318,48.4,40.0,89.3,0.447,9.6,28.4,0.337,16.3,23.5,0.694,12.0,34.5,46.5,22.1,14.3,7.6,4.7,5.0,22.2,19.8,105.8,-6.5,2019-20,0.318,0.263,0.499,1.545,12.3,0.502,0.531,0.272,0.258,-2.3999999999999986,2019,Unsuccessful
1610612760,Oklahoma City Thunder,72,0.611,48.4,40.0,85.5,0.468,10.7,30.2,0.355,19.8,24.8,0.796,8.2,34.7,42.9,21.7,13.7,7.6,4.9,4.0,19.3,22.8,110.4,2.0,2019-20,0.353,0.29,0.53,1.584,12.5,0.53,0.573,0.291,0.191,3.5,2019,Successful
1610612753,Orlando Magic,73,0.452,48.1,39.3,88.6,0.444,11.1,32.2,0.343,17.6,22.7,0.774,10.3,34.2,44.5,23.9,12.8,8.2,5.4,4.6,18.3,19.5,107.3,-1.0,2019-20,0.363,0.256,0.5,1.867,13.6,0.506,0.544,0.31,0.231,1.1999999999999993,2019,Average
1610612755,Philadelphia 76ers,73,0.589,48.2,41.1,87.9,0.468,11.6,31.6,0.368,16.9,22.4,0.755,10.5,35.0,45.4,25.8,14.2,8.0,5.3,4.0,20.9,20.5,110.7,2.4,2019-20,0.359,0.255,0.524,1.817,13.3,0.534,0.566,0.314,0.231,-0.3999999999999986,2019,Average
1610612756,Phoenix Suns,73,0.466,48.2,41.2,88.1,0.468,11.4,31.8,0.358,19.9,23.8,0.834,9.8,33.8,43.5,27.2,14.8,7.7,4.0,5.5,22.0,22.6,113.6,0.2,2019-20,0.361,0.27,0.529,1.838,11.7,0.532,0.576,0.301,0.225,0.6000000000000014,2019,Average
1610612757,Portland Trail Blazers,74,0.473,48.2,42.2,91.2,0.463,12.9,34.1,0.377,17.7,22.1,0.804,10.2,35.1,45.3,20.6,12.8,6.3,6.1,4.9,21.7,20.1,115.0,-1.1,2019-20,0.374,0.242,0.513,1.609,12.399999999999999,0.533,0.57,0.337,0.225,-1.5999999999999979,2019,Average
1610612758,Sacramento Kings,72,0.431,48.5,40.9,88.4,0.462,12.7,34.9,0.364,15.7,20.3,0.77,9.7,32.9,42.6,23.8,14.5,7.7,4.1,4.2,22.2,19.5,110.1,-2.0,2019-20,0.395,0.23,0.527,1.641,11.8,0.535,0.566,0.346,0.228,-2.6999999999999993,2019,Average
1610612759,San Antonio Spurs,71,0.451,48.5,42.2,89.4,0.472,10.7,28.5,0.376,19.0,23.4,0.81,9.0,35.6,44.6,24.7,12.6,7.3,5.5,4.3,19.4,20.1,114.1,-1.1,2019-20,0.319,0.262,0.517,1.96,12.8,0.532,0.572,0.281,0.202,0.7000000000000028,2019,Average
1610612761,Toronto Raptors,72,0.736,48.3,40.2,87.9,0.458,13.8,37.0,0.374,18.5,23.2,0.796,9.5,35.9,45.4,25.2,14.8,8.8,5.0,5.5,21.7,20.4,112.8,6.2,2019-20,0.421,0.264,0.519,1.703,13.8,0.536,0.575,0.367,0.209,-1.3000000000000007,2019,Successful
1610612762,Utah Jazz,72,0.611,48.2,40.1,85.1,0.471,13.4,35.2,0.38,17.8,22.8,0.779,9.1,35.8,44.9,22.4,15.1,6.1,4.1,4.6,20.4,20.8,111.3,2.5,2019-20,0.414,0.268,0.535,1.483,10.2,0.55,0.585,0.361,0.203,0.40000000000000213,2019,Successful
1610612764,Washington Wizards,72,0.347,48.2,41.5,90.9,0.457,12.0,32.6,0.368,19.4,24.6,0.788,10.2,31.9,42.0,25.0,14.2,8.0,4.3,5.0,22.7,22.2,114.4,-4.7,2019-20,0.359,0.271,0.506,1.761,12.3,0.523,0.562,0.315,0.243,-0.5,2019,Unsuccessful
1610612737,Atlanta Hawks,72,0.569,48.3,40.8,87.2,0.468,12.4,33.4,0.373,19.7,24.2,0.812,10.6,35.1,45.6,24.1,13.2,7.0,4.8,5.0,19.3,19.8,113.7,2.3,2020-21,0.383,0.278,0.528,1.826,11.8,0.539,0.581,0.327,0.232,0.5,2020,Average
1610612738,Boston Celtics,72,0.5,48.3,41.5,88.9,0.466,13.6,36.4,0.374,16.1,20.8,0.775,10.6,33.6,44.3,23.5,14.1,7.7,5.3,4.6,20.4,19.3,112.6,1.5,2020-21,0.409,0.234,0.531,1.667,13.0,0.543,0.574,0.362,0.239,-1.0999999999999979,2020,Average
1610612751,Brooklyn Nets,72,0.667,48.3,43.1,87.3,0.494,14.2,36.1,0.392,18.1,22.5,0.804,8.9,35.5,44.4,26.8,13.5,6.7,5.3,4.6,19.0,18.9,118.6,4.5,2020-21,0.414,0.258,0.564,1.985,12.0,0.575,0.61,0.359,0.2,-0.10000000000000142,2020,Successful
1610612766,Charlotte Hornets,72,0.458,48.2,39.9,87.8,0.455,13.7,37.0,0.369,15.9,20.9,0.761,10.6,33.2,43.8,26.8,14.8,7.8,4.8,4.8,18.0,18.6,109.5,-1.9,2020-21,0.421,0.238,0.516,1.811,12.6,0.532,0.564,0.375,0.242,0.6000000000000014,2020,Average
1610612741,Chicago Bulls,72,0.431,48.3,42.2,88.6,0.476,12.6,34.0,0.37,13.8,17.5,0.791,9.6,35.3,45.0,26.8,15.1,6.7,4.2,5.1,18.9,17.7,110.7,-0.9,2020-21,0.384,0.198,0.542,1.775,10.9,0.547,0.575,0.341,0.213,-1.1999999999999993,2020,Average
1610612739,Cleveland Cavaliers,72,0.306,48.4,38.6,85.8,0.45,10.0,29.7,0.336,16.7,22.4,0.743,10.4,32.3,42.8,23.8,15.5,7.8,4.5,5.9,18.2,20.2,103.8,-8.4,2020-21,0.346,0.261,0.51,1.535,12.3,0.508,0.543,0.289,0.243,2.0,2020,Unsuccessful
1610612742,Dallas Mavericks,72,0.583,48.1,41.1,87.3,0.47,13.8,38.1,0.362,16.5,21.2,0.778,9.1,34.2,43.3,22.9,12.1,6.3,4.3,3.7,19.4,20.1,112.4,2.3,2020-21,0.436,0.243,0.555,1.893,10.6,0.55,0.582,0.368,0.21,0.7000000000000028,2020,Average
1610612743,Denver Nuggets,72,0.653,48.6,43.3,89.2,0.485,12.9,34.2,0.377,15.7,19.5,0.803,10.5,33.9,44.4,26.8,13.5,8.1,4.5,4.5,19.1,19.2,115.1,4.9,2020-21,0.383,0.219,0.553,1.985,12.6,0.558,0.589,0.336,0.236,0.09999999999999787,2020,Successful
1610612765,Detroit Pistons,72,0.278,48.4,38.7,85.6,0.452,11.6,32.9,0.351,17.8,23.4,0.759,9.6,33.1,42.7,24.2,14.9,7.4,5.2,5.8,20.5,20.4,106.6,-4.5,2020-21,0.384,0.273,0.514,1.624,12.600000000000001,0.52,0.556,0.326,0.225,-0.10000000000000142,2020,Unsuccessful
1610612744,Golden State Warriors,72,0.542,48.1,41.3,88.2,0.468,14.6,38.7,0.376,16.6,21.1,0.785,8.0,35.1,43.0,27.7,15.0,8.2,4.8,4.3,21.2,19.5,113.7,1.1,2020-21,0.439,0.239,0.539,1.847,13.0,0.551,0.583,0.385,0.186,-1.6999999999999993,2020,Average
1610612745,Houston Rockets,72,0.236,48.1,39.3,88.5,0.444,13.8,40.6,0.339,16.5,22.3,0.74,9.3,33.3,42.6,23.6,14.7,7.6,5.0,5.3,19.5,19.3,108.8,-7.9,2020-21,0.459,0.252,0.532,1.605,12.6,0.522,0.553,0.381,0.218,-0.1999999999999993,2020,Unsuccessful
1610612754,Indiana Pacers,72,0.472,48.5,43.3,91.2,0.474,12.3,34.0,0.364,16.4,20.7,0.792,9.0,33.7,42.7,27.4,13.5,8.5,6.4,5.3,20.2,18.1,115.3,0.0,2020-21,0.373,0.227,0.542,2.03,14.9,0.542,0.575,0.32,0.211,-2.099999999999998,2020,Average
1610612746,LA Clippers,72,0.653,48.0,41.8,86.7,0.482,14.3,34.7,0.411,16.2,19.3,0.839,9.4,34.7,44.2,24.4,13.2,7.1,4.1,4.2,19.2,18.1,114.0,6.2,2020-21,0.4,0.223,0.529,1.848,11.2,0.565,0.599,0.376,0.213,-1.0999999999999979,2020,Successful
1610612747,Los Angeles Lakers,72,0.583,48.5,40.6,86.1,0.472,11.1,31.2,0.354,17.2,23.3,0.739,9.7,34.6,44.2,24.7,15.2,7.8,5.4,4.5,19.1,21.3,109.5,2.8,2020-21,0.362,0.271,0.537,1.625,13.2,0.536,0.568,0.304,0.219,2.1999999999999993,2020,Average
1610612763,Memphis Grizzlies,72,0.528,48.3,42.8,91.8,0.467,11.2,31.4,0.356,16.4,21.3,0.771,11.2,35.3,46.5,26.9,13.3,9.1,5.1,5.2,18.7,18.3,113.3,1.0,2020-21,0.342,0.232,0.523,2.023,14.2,0.527,0.56,0.297,0.241,-0.3999999999999986,2020,Average
1610612748,Miami Heat,72,0.556,48.3,39.2,83.7,0.468,12.9,36.2,0.358,16.7,21.1,0.79,8.0,33.5,41.5,26.3,14.1,7.9,4.0,4.0,18.9,19.6,108.1,0.0,2020-21,0.432,0.252,0.554,1.865,11.9,0.545,0.581,0.358,0.193,0.7000000000000028,2020,Average
1610612749,Milwaukee Bucks,72,0.639,48.1,44.7,91.8,0.487,14.4,37.1,0.389,16.2,21.4,0.76,10.3,37.8,48.1,25.5,13.8,8.1,4.6,4.8,17.3,18.3,120.1,5.9,2020-21,0.404,0.233,0.554,1.848,12.7,0.565,0.593,0.36,0.214,1.0,2020,Successful
1610612750,Minnesota Timberwolves,72,0.319,48.3,40.7,90.9,0.448,13.1,37.6,0.349,17.6,23.1,0.761,10.5,33.0,43.5,25.6,14.3,8.8,5.5,5.5,20.9,19.9,112.1,-5.6,2020-21,0.414,0.254,0.518,1.79,14.3,0.52,0.555,0.351,0.241,-1.0,2020,Unsuccessful
1610612740,New Orleans Pelicans,72,0.431,48.4,42.5,89.1,0.477,10.6,30.4,0.348,19.0,26.1,0.729,11.7,35.7,47.4,26.0,14.6,7.6,4.4,5.9,18.0,21.3,114.6,-0.3,2020-21,0.341,0.293,0.543,1.781,12.0,0.536,0.57,0.277,0.247,3.3000000000000007,2020,Average
1610612752,New York Knicks,72,0.569,48.4,39.4,86.5,0.456,11.8,30.0,0.392,16.4,20.9,0.784,9.7,35.5,45.1,21.4,12.9,7.0,5.1,5.4,20.5,17.9,107.0,2.3,2020-21,0.347,0.242,0.488,1.659,12.1,0.524,0.559,0.331,0.215,-2.6000000000000014,2020,Average
1610612760,Oklahoma City Thunder,72,0.306,48.2,38.8,88.0,0.441,11.9,35.1,0.339,15.5,21.3,0.725,9.9,35.7,45.6,22.1,16.1,7.0,4.4,5.3,18.1,18.6,105.0,-10.6,2020-21,0.399,0.242,0.509,1.373,11.4,0.509,0.539,0.34,0.217,0.5,2020,Unsuccessful
1610612753,Orlando Magic,72,0.292,48.1,38.3,89.2,0.429,10.9,31.8,0.343,16.6,21.4,0.775,10.4,35.1,45.4,21.8,12.8,6.9,4.4,5.3,17.2,18.6,104.0,-9.3,2020-21,0.357,0.24,0.477,1.703,11.3,0.49,0.527,0.314,0.229,1.4000000000000021,2020,Unsuccessful
1610612755,Philadelphia 76ers,72,0.681,48.4,41.4,86.9,0.476,11.3,30.1,0.374,19.6,25.5,0.767,10.0,35.0,45.1,23.7,14.4,9.1,6.2,4.7,20.2,21.0,113.6,5.6,2020-21,0.346,0.293,0.53,1.646,15.3,0.541,0.579,0.298,0.222,0.8000000000000007,2020,Successful
1610612756,Phoenix Suns,72,0.708,48.6,43.3,88.3,0.49,13.1,34.6,0.378,15.6,18.7,0.834,8.8,34.2,42.9,26.9,12.5,7.2,4.3,3.6,19.1,18.0,115.3,5.8,2020-21,0.392,0.212,0.562,2.152,11.5,0.565,0.597,0.341,0.205,-1.1000000000000014,2020,Successful
1610612757,Portland Trail Blazers,72,0.583,48.1,41.3,91.1,0.453,15.7,40.8,0.385,17.8,21.6,0.823,10.6,33.9,44.5,21.3,11.1,6.9,5.0,4.6,18.9,19.1,116.1,1.8,2020-21,0.448,0.237,0.509,1.919,11.9,0.54,0.577,0.406,0.238,0.20000000000000284,2020,Average
1610612758,Sacramento Kings,72,0.431,48.1,42.6,88.6,0.481,12.1,33.3,0.364,16.4,22.0,0.745,9.4,32.0,41.4,25.5,13.4,7.5,5.0,4.7,19.4,18.7,113.7,-3.7,2020-21,0.376,0.248,0.552,1.903,12.5,0.549,0.578,0.319,0.227,-0.6999999999999993,2020,Average
1610612759,San Antonio Spurs,72,0.458,48.6,41.9,90.5,0.462,9.9,28.4,0.35,17.4,22.0,0.792,9.3,34.6,43.9,24.4,11.4,7.0,5.1,5.1,18.0,18.6,111.1,-1.7,2020-21,0.314,0.243,0.515,2.14,12.1,0.518,0.555,0.267,0.212,0.6000000000000014,2020,Average
1610612761,Toronto Raptors,72,0.375,48.1,39.7,88.7,0.448,14.5,39.3,0.368,17.4,21.3,0.815,9.4,32.1,41.6,24.1,13.2,8.6,5.4,5.6,21.2,19.5,111.3,-0.5,2020-21,0.443,0.24,0.51,1.826,14.0,0.529,0.567,0.391,0.226,-1.6999999999999993,2020,Unsuccessful
1610612762,Utah Jazz,72,0.722,48.2,41.3,88.1,0.468,16.7,43.0,0.389,17.2,21.5,0.799,10.6,37.6,48.3,23.7,14.2,6.6,5.2,3.9,18.5,19.0,116.4,9.3,2020-21,0.488,0.244,0.545,1.669,11.8,0.564,0.597,0.43,0.219,0.5,2020,Successful
1610612764,Washington Wizards,72,0.472,48.3,43.2,90.9,0.475,10.2,29.0,0.351,20.1,26.2,0.769,9.7,35.5,45.2,25.5,14.4,7.3,4.1,4.8,21.6,22.0,116.6,-1.8,2020-21,0.319,0.288,0.533,1.771,11.399999999999999,0.531,0.569,0.262,0.215,0.3999999999999986,2020,Average
1610612737,Atlanta Hawks,82,0.524,48.1,41.5,88.3,0.47,12.9,34.4,0.374,18.1,22.3,0.812,10.0,33.9,44.0,24.6,11.9,7.2,4.2,4.5,18.7,20.3,113.9,1.6,2021-22,0.39,0.253,0.531,2.067,11.4,0.543,0.58,0.34,0.227,1.6000000000000014,2021,Average
1610612738,Boston Celtics,82,0.622,48.5,40.7,87.4,0.466,13.2,37.1,0.356,17.0,20.9,0.816,10.5,35.5,46.1,24.8,13.6,7.2,5.8,4.6,18.5,19.4,111.8,7.3,2021-22,0.424,0.239,0.547,1.824,13.0,0.541,0.579,0.354,0.228,0.8999999999999986,2021,Successful
1610612751,Brooklyn Nets,82,0.537,48.2,42.0,88.4,0.475,11.5,31.7,0.361,17.5,21.7,0.805,10.3,34.1,44.4,25.3,14.1,7.1,5.5,4.9,20.4,19.7,112.9,0.8,2021-22,0.359,0.245,0.538,1.794,12.6,0.54,0.576,0.306,0.232,-0.6999999999999993,2021,Average
1610612766,Charlotte Hornets,82,0.524,48.5,42.8,91.4,0.468,13.9,38.2,0.365,15.8,21.4,0.74,10.8,33.7,44.6,28.1,13.3,8.6,4.9,4.6,19.9,19.6,115.3,0.4,2021-22,0.418,0.234,0.543,2.113,13.5,0.544,0.572,0.362,0.242,-0.29999999999999716,2021,Average
1610612741,Chicago Bulls,82,0.561,48.1,41.7,86.9,0.48,10.6,28.8,0.369,17.5,21.5,0.813,8.7,33.7,42.3,23.9,12.8,7.1,4.1,5.0,18.8,18.2,111.6,-0.4,2021-22,0.331,0.247,0.535,1.867,11.2,0.541,0.579,0.285,0.206,-0.6000000000000014,2021,Average
1610612739,Cleveland Cavaliers,82,0.537,48.1,39.7,84.6,0.469,11.6,32.8,0.355,16.8,22.1,0.76,10.2,34.0,44.2,25.2,14.4,7.1,4.2,4.6,17.5,20.0,107.8,2.1,2021-22,0.388,0.261,0.542,1.75,11.3,0.538,0.571,0.323,0.231,2.5,2021,Average
1610612742,Dallas Mavericks,82,0.634,48.2,39.3,85.1,0.461,13.1,37.4,0.35,16.4,21.2,0.771,9.3,33.8,43.0,23.4,12.5,6.7,4.0,3.7,19.7,20.1,108.0,3.3,2021-22,0.439,0.249,0.549,1.872,10.7,0.539,0.572,0.364,0.216,0.40000000000000213,2021,Successful
1610612743,Denver Nuggets,82,0.585,48.3,41.7,86.3,0.483,12.7,35.9,0.353,16.7,21.0,0.795,9.2,34.9,44.1,27.8,14.5,7.2,3.7,4.8,20.0,19.9,112.7,2.3,2021-22,0.416,0.243,0.575,1.917,10.9,0.557,0.59,0.338,0.209,-0.10000000000000142,2021,Average
1610612765,Detroit Pistons,82,0.28,48.2,38.2,88.6,0.431,11.3,34.6,0.326,17.2,22.0,0.782,11.0,32.0,43.0,23.5,14.2,7.7,4.8,5.2,21.9,19.8,104.8,-7.7,2021-22,0.391,0.248,0.498,1.655,12.5,0.495,0.533,0.323,0.256,-2.099999999999998,2021,Unsuccessful
1610612744,Golden State Warriors,82,0.646,48.1,40.5,86.4,0.469,14.3,39.4,0.364,15.6,20.3,0.769,9.8,35.7,45.5,27.1,14.9,8.8,4.5,3.9,21.0,18.0,111.0,5.5,2021-22,0.456,0.235,0.557,1.819,13.3,0.552,0.582,0.386,0.215,-3.0,2021,Successful
1610612745,Houston Rockets,82,0.244,48.2,39.4,86.4,0.456,13.5,38.7,0.349,17.5,24.5,0.713,9.6,32.4,42.0,23.6,16.5,7.3,4.7,5.8,20.6,22.1,109.7,-8.5,2021-22,0.448,0.284,0.543,1.43,12.0,0.534,0.564,0.369,0.229,1.5,2021,Unsuccessful
1610612754,Indiana Pacers,82,0.305,48.5,41.4,89.5,0.463,12.2,35.4,0.344,16.4,21.4,0.768,11.3,32.6,43.9,25.4,14.4,7.1,5.6,4.9,20.4,19.2,111.5,-3.5,2021-22,0.396,0.239,0.54,1.764,12.7,0.531,0.564,0.328,0.257,-1.1999999999999993,2021,Unsuccessful
1610612746,LA Clippers,82,0.512,48.2,40.1,87.4,0.458,12.8,34.2,0.374,15.5,19.6,0.793,9.1,34.9,44.0,24.0,13.7,7.4,5.0,4.1,18.6,18.5,108.4,0.0,2021-22,0.391,0.224,0.513,1.752,12.4,0.532,0.564,0.354,0.207,-0.10000000000000142,2021,Average
1610612747,Los Angeles Lakers,82,0.402,48.7,41.6,88.8,0.469,12.0,34.5,0.347,16.8,23.0,0.732,9.5,34.5,44.0,24.0,14.5,7.6,5.2,4.1,20.2,20.1,112.1,-3.0,2021-22,0.389,0.259,0.545,1.655,12.8,0.536,0.567,0.321,0.216,-0.09999999999999787,2021,Average
1610612763,Memphis Grizzlies,82,0.683,48.2,43.5,94.4,0.461,11.5,32.7,0.353,17.0,23.1,0.734,14.1,35.0,49.2,26.0,13.2,9.8,6.5,6.0,19.8,19.8,115.6,5.7,2021-22,0.346,0.245,0.519,1.97,16.3,0.522,0.553,0.298,0.287,0.0,2021,Successful
1610612748,Miami Heat,82,0.646,48.4,39.6,84.8,0.467,13.6,35.8,0.379,17.3,21.4,0.808,9.8,33.9,43.7,25.5,14.6,7.4,3.2,4.0,20.5,20.6,110.0,4.5,2021-22,0.422,0.252,0.531,1.747,10.600000000000001,0.547,0.584,0.371,0.224,0.10000000000000142,2021,Successful
1610612749,Milwaukee Bucks,82,0.622,48.2,41.8,89.4,0.468,14.1,38.4,0.366,17.8,22.9,0.776,10.2,36.5,46.7,23.9,13.4,7.6,4.0,4.4,18.2,19.7,115.5,3.4,2021-22,0.43,0.256,0.543,1.784,11.6,0.546,0.581,0.366,0.218,1.5,2021,Successful
1610612750,Minnesota Timberwolves,82,0.561,48.2,41.6,91.0,0.457,14.8,41.3,0.358,18.0,23.1,0.778,11.2,32.9,44.2,25.7,14.3,8.8,5.6,4.8,21.8,20.9,115.9,2.6,2021-22,0.454,0.254,0.539,1.797,14.4,0.538,0.573,0.383,0.253,-0.9000000000000021,2021,Average
1610612740,New Orleans Pelicans,82,0.439,48.2,40.2,88.0,0.457,10.6,32.1,0.332,18.3,23.2,0.789,12.0,33.2,45.2,25.0,14.1,8.3,4.0,4.8,19.7,20.5,109.3,-1.0,2021-22,0.365,0.264,0.53,1.773,12.3,0.517,0.556,0.291,0.265,0.8000000000000007,2021,Average
1610612752,New York Knicks,82,0.451,48.2,37.7,86.2,0.437,13.2,36.9,0.357,18.0,24.1,0.744,11.5,34.6,46.1,21.9,13.3,7.0,4.9,4.6,20.4,20.4,106.5,-0.1,2021-22,0.428,0.28,0.497,1.647,11.9,0.514,0.55,0.372,0.249,0.0,2021,Average
1610612760,Oklahoma City Thunder,82,0.293,48.3,38.3,89.1,0.43,12.1,37.4,0.323,15.0,19.9,0.756,10.4,35.2,45.6,22.2,14.0,7.6,4.6,6.0,18.3,17.8,103.7,-8.1,2021-22,0.42,0.223,0.507,1.586,12.2,0.498,0.53,0.35,0.228,-0.5,2021,Unsuccessful
1610612753,Orlando Magic,82,0.268,48.2,38.3,88.3,0.434,12.2,36.9,0.331,15.5,19.7,0.787,9.1,35.2,44.3,23.7,14.5,6.8,4.5,5.2,19.7,18.3,104.2,-8.0,2021-22,0.418,0.223,0.508,1.634,11.3,0.503,0.537,0.351,0.205,-1.3999999999999986,2021,Unsuccessful
1610612755,Philadelphia 76ers,82,0.622,48.3,39.4,84.5,0.466,11.6,31.8,0.364,19.6,23.8,0.821,8.5,33.8,42.3,23.7,12.5,7.7,5.3,4.6,19.4,19.4,109.9,2.6,2021-22,0.376,0.282,0.528,1.896,13.0,0.535,0.579,0.317,0.201,0.0,2021,Successful
1610612756,Phoenix Suns,82,0.78,48.1,43.7,90.1,0.485,11.6,31.9,0.364,15.9,19.9,0.797,9.8,35.5,45.3,27.4,12.9,8.6,4.4,4.0,19.9,18.9,114.8,7.5,2021-22,0.354,0.221,0.552,2.124,13.0,0.549,0.581,0.303,0.216,-1.0,2021,Successful
1610612757,Portland Trail Blazers,82,0.329,48.1,38.5,87.1,0.442,12.7,36.8,0.346,16.4,21.6,0.76,10.4,32.5,42.9,22.9,14.5,8.0,4.5,5.0,21.1,19.4,106.2,-8.9,2021-22,0.423,0.248,0.513,1.579,12.5,0.515,0.55,0.359,0.242,-1.7000000000000028,2021,Unsuccessful
1610612758,Sacramento Kings,82,0.366,48.3,40.5,88.1,0.46,11.4,33.2,0.344,17.9,23.3,0.768,9.6,33.4,42.9,23.7,14.1,7.2,4.5,4.8,18.9,20.3,110.3,-5.5,2021-22,0.377,0.264,0.53,1.681,11.7,0.524,0.561,0.31,0.224,1.4000000000000021,2021,Unsuccessful
1610612759,San Antonio Spurs,82,0.415,48.3,43.2,92.7,0.467,11.3,32.0,0.352,15.4,20.4,0.754,11.0,34.3,45.3,27.9,12.7,7.6,4.9,4.9,18.1,18.9,113.2,0.1,2021-22,0.345,0.22,0.526,2.197,12.5,0.527,0.557,0.299,0.243,0.7999999999999972,2021,Average
1610612761,Toronto Raptors,82,0.585,48.4,40.6,91.3,0.445,11.9,34.2,0.349,16.2,21.3,0.759,13.4,32.0,45.3,22.1,12.5,9.0,4.6,5.1,19.6,19.1,109.4,2.3,2021-22,0.375,0.233,0.503,1.768,13.6,0.51,0.543,0.326,0.296,-0.5,2021,Average
1610612762,Utah Jazz,82,0.598,48.1,40.6,86.2,0.471,14.5,40.3,0.36,17.9,23.4,0.767,10.8,35.6,46.3,22.4,14.0,7.2,4.9,4.3,18.9,20.3,113.6,6.0,2021-22,0.468,0.271,0.569,1.6,12.100000000000001,0.555,0.589,0.383,0.233,1.4000000000000021,2021,Average
1610612764,Washington Wizards,82,0.427,48.4,40.6,86.0,0.472,10.5,30.6,0.342,17.0,21.7,0.783,9.0,34.1,43.1,25.0,13.1,6.4,5.0,4.2,18.8,19.9,108.6,-3.4,2021-22,0.356,0.252,0.543,1.908,11.4,0.533,0.568,0.29,0.209,1.0999999999999979,2021,Average
1610612737,Atlanta Hawks,82,0.5,48.4,44.6,92.4,0.483,10.8,30.5,0.352,18.5,22.6,0.818,11.2,33.2,44.4,25.0,12.9,7.1,4.9,5.0,18.8,19.7,118.4,0.3,2022-23,0.33,0.245,0.546,1.938,12.0,0.541,0.578,0.274,0.252,0.8999999999999986,2022,Average
1610612738,Boston Celtics,82,0.695,48.7,42.2,88.8,0.475,16.0,42.6,0.377,17.5,21.6,0.812,9.7,35.6,45.3,26.7,13.4,6.4,5.2,3.9,18.8,19.1,117.9,6.5,2022-23,0.48,0.243,0.567,1.993,11.600000000000001,0.565,0.6,0.407,0.214,0.3000000000000007,2022,Successful
1610612751,Brooklyn Nets,82,0.549,48.1,41.5,85.1,0.487,12.8,33.8,0.378,17.7,22.1,0.8,8.2,32.3,40.5,25.5,13.7,7.1,6.2,3.9,21.1,18.5,113.4,0.9,2022-23,0.397,0.26,0.559,1.861,13.3,0.563,0.598,0.339,0.202,-2.6000000000000014,2022,Average
1610612766,Charlotte Hornets,82,0.329,48.4,41.3,90.4,0.457,10.7,32.5,0.33,17.6,23.6,0.749,11.0,33.5,44.5,25.1,14.2,7.7,5.2,5.7,20.3,20.3,111.0,-6.2,2022-23,0.36,0.261,0.528,1.768,12.9,0.516,0.551,0.289,0.247,0.0,2022,Unsuccessful
1610612741,Chicago Bulls,82,0.488,48.5,42.5,86.8,0.49,10.4,28.9,0.361,17.6,21.8,0.809,8.5,33.9,42.4,24.5,13.4,7.9,4.5,4.7,18.9,18.7,113.1,1.3,2022-23,0.333,0.251,0.554,1.828,12.4,0.55,0.587,0.276,0.2,-0.1999999999999993,2022,Average
1610612739,Cleveland Cavaliers,82,0.622,48.5,41.6,85.2,0.488,11.6,31.6,0.367,17.5,22.5,0.78,9.7,31.4,41.1,24.9,13.3,7.1,4.7,4.4,19.0,20.4,112.3,5.4,2022-23,0.371,0.264,0.56,1.872,11.8,0.556,0.59,0.31,0.236,1.3999999999999986,2022,Successful
1610612742,Dallas Mavericks,82,0.463,48.6,40.0,84.3,0.475,15.2,41.0,0.371,19.0,25.1,0.755,7.6,31.2,38.8,22.9,12.2,6.3,3.7,3.8,20.7,21.8,114.2,0.1,2022-23,0.486,0.298,0.573,1.877,10.0,0.565,0.599,0.399,0.196,1.1000000000000014,2022,Average
1610612743,Denver Nuggets,82,0.646,48.2,43.6,86.4,0.504,11.8,31.2,0.379,16.8,22.4,0.751,10.1,32.9,43.0,28.9,14.5,7.5,4.5,4.2,18.6,19.5,115.8,3.3,2022-23,0.361,0.259,0.576,1.993,12.0,0.573,0.602,0.306,0.235,0.8999999999999986,2022,Successful
1610612765,Detroit Pistons,82,0.207,48.3,39.6,87.1,0.454,11.4,32.4,0.351,19.8,25.7,0.771,11.2,31.3,42.4,23.0,15.1,7.0,3.8,5.5,22.1,21.0,110.3,-8.2,2022-23,0.372,0.295,0.516,1.523,10.8,0.52,0.56,0.31,0.264,-1.1000000000000014,2022,Unsuccessful
1610612744,Golden State Warriors,82,0.537,48.4,43.1,90.2,0.479,16.6,43.2,0.385,16.0,20.2,0.794,10.5,34.1,44.6,29.8,16.3,7.2,4.0,4.0,21.4,18.4,118.9,1.8,2022-23,0.479,0.224,0.564,1.828,11.2,0.57,0.6,0.419,0.235,-3.0,2022,Average
1610612745,Houston Rockets,82,0.268,48.2,40.6,88.9,0.457,10.4,31.9,0.327,19.1,25.3,0.754,13.4,32.9,46.3,22.4,16.2,7.3,4.6,6.2,20.5,20.6,110.7,-7.9,2022-23,0.359,0.285,0.53,1.383,11.899999999999999,0.515,0.553,0.282,0.289,0.10000000000000142,2022,Unsuccessful
1610612754,Indiana Pacers,82,0.427,48.2,42.0,89.6,0.469,13.6,37.0,0.367,18.7,23.7,0.79,10.1,31.4,41.5,27.0,14.9,7.7,5.8,5.3,21.2,20.2,116.3,-3.2,2022-23,0.413,0.265,0.54,1.812,13.5,0.545,0.581,0.351,0.243,-1.0,2022,Average
1610612746,LA Clippers,82,0.537,48.4,41.1,86.1,0.477,12.7,33.3,0.381,18.7,23.9,0.781,9.8,33.4,43.2,23.9,14.2,7.1,4.4,4.2,19.5,19.6,113.6,0.5,2022-23,0.387,0.278,0.538,1.683,11.5,0.551,0.588,0.335,0.227,0.10000000000000142,2022,Average
1610612747,Los Angeles Lakers,82,0.524,48.5,42.9,89.0,0.482,10.8,31.2,0.346,20.6,26.6,0.775,10.0,35.7,45.7,25.3,14.1,6.4,4.6,5.1,17.9,21.5,117.2,0.6,2022-23,0.351,0.299,0.555,1.794,11.0,0.543,0.582,0.276,0.219,3.6000000000000014,2022,Average
1610612763,Memphis Grizzlies,82,0.622,48.2,43.7,92.1,0.475,12.0,34.2,0.351,17.5,23.8,0.733,12.0,34.6,46.6,26.0,13.6,8.3,5.8,5.2,20.0,20.0,116.9,3.9,2022-23,0.371,0.258,0.547,1.912,14.100000000000001,0.54,0.57,0.308,0.258,0.0,2022,Successful
1610612748,Miami Heat,82,0.537,48.3,39.2,85.3,0.46,12.0,34.8,0.344,19.1,23.0,0.831,9.7,30.9,40.6,23.8,13.5,8.0,3.0,3.8,18.5,20.0,109.5,-0.3,2022-23,0.408,0.27,0.539,1.763,11.0,0.53,0.574,0.329,0.239,1.5,2022,Average
1610612749,Milwaukee Bucks,82,0.707,48.4,42.7,90.4,0.473,14.8,40.3,0.368,16.6,22.4,0.743,11.1,37.5,48.6,25.8,14.6,6.4,4.9,3.9,18.1,19.0,116.9,3.6,2022-23,0.446,0.248,0.557,1.767,11.3,0.554,0.583,0.38,0.228,0.8999999999999986,2022,Successful
1610612750,Minnesota Timberwolves,82,0.512,48.4,42.9,87.4,0.49,12.2,33.3,0.365,17.9,23.7,0.755,9.1,32.8,41.9,26.2,15.3,8.0,5.4,4.1,21.6,20.2,115.8,0.0,2022-23,0.381,0.271,0.567,1.712,13.4,0.561,0.592,0.316,0.217,-1.4000000000000021,2022,Average
1610612740,New Orleans Pelicans,82,0.512,48.4,42.0,87.6,0.48,11.0,30.1,0.364,19.3,24.4,0.793,10.6,33.1,43.7,25.9,14.6,8.3,4.1,4.7,20.5,20.4,114.4,1.9,2022-23,0.344,0.279,0.539,1.774,12.4,0.542,0.582,0.288,0.243,-0.10000000000000142,2022,Average
1610612752,New York Knicks,82,0.573,48.7,42.0,89.4,0.47,12.6,35.7,0.354,19.4,25.5,0.761,12.6,34.0,46.6,22.9,13.0,6.4,4.1,4.5,20.3,20.7,116.0,2.9,2022-23,0.399,0.285,0.547,1.762,10.5,0.54,0.576,0.326,0.27,0.3999999999999986,2022,Average
1610612760,Oklahoma City Thunder,82,0.488,48.4,43.1,92.6,0.465,12.1,34.1,0.356,19.2,23.7,0.809,11.4,32.3,43.7,24.4,13.0,8.2,4.2,5.5,21.0,20.4,117.5,1.1,2022-23,0.368,0.256,0.53,1.877,12.399999999999999,0.531,0.57,0.309,0.261,-0.6000000000000014,2022,Average
1610612753,Orlando Magic,82,0.415,48.2,40.5,86.3,0.47,10.8,31.1,0.346,19.6,25.0,0.784,10.2,33.1,43.2,23.2,15.1,7.4,4.7,5.1,20.1,20.5,111.4,-2.6,2022-23,0.36,0.29,0.538,1.536,12.100000000000001,0.532,0.572,0.291,0.236,0.3999999999999986,2022,Average
1610612755,Philadelphia 76ers,82,0.659,48.5,40.8,83.8,0.487,12.6,32.6,0.387,21.0,25.1,0.835,8.7,32.2,40.9,25.2,13.7,7.7,4.7,4.6,20.4,19.6,115.2,4.3,2022-23,0.389,0.3,0.551,1.839,12.4,0.562,0.607,0.328,0.213,-0.7999999999999972,2022,Successful
1610612756,Phoenix Suns,82,0.549,48.2,42.1,90.1,0.467,12.2,32.6,0.374,17.2,21.7,0.793,11.8,32.4,44.2,27.3,13.5,7.1,5.3,4.0,21.2,19.9,113.6,2.1,2022-23,0.362,0.241,0.52,2.022,12.399999999999999,0.535,0.57,0.322,0.267,-1.3000000000000007,2022,Average
1610612757,Portland Trail Blazers,82,0.402,48.1,40.5,85.4,0.474,12.9,35.3,0.365,19.6,24.6,0.796,9.4,31.1,40.5,24.2,14.5,6.7,4.6,4.3,20.0,20.5,113.4,-4.0,2022-23,0.413,0.288,0.551,1.669,11.3,0.55,0.589,0.341,0.232,0.5,2022,Average
1610612758,Sacramento Kings,82,0.585,48.4,43.6,88.2,0.494,13.8,37.3,0.369,19.8,25.1,0.79,9.5,32.9,42.5,27.3,13.5,7.0,3.4,4.2,19.7,20.9,120.7,2.6,2022-23,0.423,0.285,0.585,2.022,10.4,0.573,0.608,0.343,0.224,1.1999999999999993,2022,Average
1610612759,San Antonio Spurs,82,0.268,48.4,43.1,92.6,0.465,11.1,32.2,0.345,15.8,21.2,0.743,11.8,31.9,43.7,27.2,15.3,7.0,3.9,5.3,19.9,18.5,113.0,-10.0,2022-23,0.348,0.229,0.53,1.778,10.9,0.525,0.554,0.295,0.27,-1.3999999999999986,2022,Unsuccessful
1610612761,Toronto Raptors,82,0.5,48.3,41.9,91.3,0.459,10.7,32.0,0.335,18.4,23.4,0.784,12.7,30.3,43.0,23.9,11.7,9.4,5.2,4.6,20.0,19.6,112.9,1.5,2022-23,0.35,0.256,0.526,2.043,14.600000000000001,0.518,0.556,0.284,0.295,-0.3999999999999986,2022,Average
1610612762,Utah Jazz,82,0.451,48.3,42.5,89.8,0.473,13.3,37.8,0.353,18.7,23.8,0.786,11.8,34.1,45.9,26.0,15.4,6.1,5.2,4.9,20.5,20.5,117.1,-0.9,2022-23,0.421,0.265,0.562,1.688,11.3,0.547,0.584,0.341,0.257,0.0,2022,Average
1610612764,Washington Wizards,82,0.427,48.2,42.1,86.9,0.485,11.3,31.7,0.356,17.6,22.4,0.785,9.4,34.2,43.6,25.4,14.1,6.8,5.2,5.0,18.8,19.4,113.2,-1.2,2022-23,0.365,0.258,0.558,1.801,12.0,0.549,0.585,0.299,0.216,0.5999999999999979,2022,Average
1610612737,Atlanta Hawks,82,0.439,48.4,43.0,92.5,0.465,13.7,37.7,0.364,18.5,23.2,0.797,12.5,32.2,44.7,26.6,13.5,7.5,4.5,5.6,18.6,19.4,118.3,-2.2,2023-24,0.408,0.251,0.535,1.97,12.0,0.539,0.576,0.347,0.28,0.7999999999999972,2023,Average
1610612738,Boston Celtics,82,0.78,48.4,43.9,90.2,0.487,16.5,42.5,0.388,16.3,20.2,0.807,10.7,35.6,46.3,26.9,11.9,6.8,6.6,3.7,16.2,17.3,120.6,11.3,2023-24,0.471,0.224,0.574,2.261,13.399999999999999,0.578,0.609,0.41,0.231,1.1000000000000014,2023,Successful
1610612751,Brooklyn Nets,82,0.39,48.3,40.7,89.1,0.456,13.3,36.7,0.362,15.8,20.9,0.756,11.4,32.6,44.1,25.6,13.1,6.8,5.2,5.0,18.5,18.2,110.4,-2.9,2023-24,0.412,0.235,0.523,1.954,12.0,0.531,0.562,0.361,0.259,-0.3000000000000007,2023,Unsuccessful
1610612766,Charlotte Hornets,82,0.256,48.1,40.0,87.0,0.46,12.1,34.0,0.355,14.5,18.4,0.786,9.3,31.0,40.3,24.8,13.8,6.9,4.5,4.8,18.0,17.5,106.6,-10.2,2023-24,0.391,0.211,0.526,1.797,11.4,0.529,0.56,0.341,0.231,-0.5,2023,Unsuccessful
1610612741,Chicago Bulls,82,0.476,48.7,42.0,89.5,0.47,11.5,32.1,0.358,16.7,21.1,0.791,11.2,32.6,43.8,25.0,12.2,7.8,4.8,4.9,18.8,18.8,112.3,-1.4,2023-24,0.359,0.236,0.531,2.049,12.6,0.534,0.568,0.307,0.256,0.0,2023,Average
1610612739,Cleveland Cavaliers,82,0.585,48.3,41.8,87.2,0.479,13.5,36.8,0.367,15.6,20.4,0.765,9.8,33.4,43.3,28.0,13.6,7.4,4.6,5.0,17.5,18.7,112.6,2.4,2023-24,0.422,0.234,0.562,2.059,12.0,0.557,0.585,0.36,0.226,1.1999999999999993,2023,Average
1610612742,Dallas Mavericks,82,0.61,48.1,43.1,89.7,0.481,14.6,39.5,0.369,17.0,22.5,0.758,9.7,33.2,42.9,25.7,12.5,6.9,5.0,4.0,18.3,20.3,117.9,2.2,2023-24,0.44,0.251,0.568,2.056,11.9,0.562,0.592,0.372,0.226,2.0,2023,Successful
1610612743,Denver Nuggets,82,0.695,48.1,44.0,88.8,0.496,11.7,31.2,0.374,15.1,19.9,0.762,10.7,33.7,44.4,29.5,12.6,7.1,5.6,4.8,18.2,17.9,114.9,5.3,2023-24,0.351,0.224,0.561,2.341,12.7,0.561,0.589,0.305,0.241,-0.3000000000000007,2023,Successful
1610612765,Detroit Pistons,82,0.171,48.2,40.9,88.2,0.463,11.0,31.7,0.348,17.0,21.7,0.785,10.5,32.8,43.3,25.5,15.2,6.5,4.7,6.0,20.6,17.8,109.9,-9.1,2023-24,0.359,0.246,0.529,1.678,11.2,0.526,0.562,0.3,0.242,-2.8000000000000007,2023,Unsuccessful
1610612744,Golden State Warriors,82,0.561,48.4,43.7,91.6,0.477,14.8,38.9,0.38,15.6,20.0,0.78,12.1,34.6,46.7,29.3,14.3,7.0,4.6,5.0,19.5,17.9,117.8,2.6,2023-24,0.425,0.218,0.548,2.049,11.6,0.558,0.587,0.377,0.259,-1.6000000000000014,2023,Average
1610612745,Houston Rockets,82,0.5,48.4,41.8,91.0,0.459,12.7,36.1,0.352,18.1,23.4,0.773,11.5,34.0,45.5,24.8,12.7,7.8,4.6,5.9,20.8,19.6,114.3,1.1,2023-24,0.397,0.257,0.53,1.953,12.399999999999999,0.529,0.564,0.333,0.253,-1.1999999999999993,2023,Average
1610612754,Indiana Pacers,82,0.573,48.1,47.0,92.7,0.507,13.2,35.3,0.374,16.1,20.5,0.782,10.1,31.4,41.5,30.8,12.9,7.7,5.9,5.4,21.4,18.3,123.3,3.0,2023-24,0.381,0.221,0.589,2.388,13.600000000000001,0.578,0.606,0.321,0.243,-3.099999999999998,2023,Average
1610612746,LA Clippers,82,0.622,48.1,42.4,86.7,0.489,12.6,33.2,0.381,18.3,22.2,0.825,10.0,32.9,43.0,25.6,13.1,7.8,5.0,4.7,18.5,18.7,115.6,3.3,2023-24,0.383,0.256,0.557,1.954,12.8,0.562,0.599,0.327,0.233,0.1999999999999993,2023,Successful
1610612747,Los Angeles Lakers,82,0.573,48.4,43.7,87.5,0.499,11.8,31.4,0.377,18.9,24.2,0.782,8.2,34.9,43.1,28.5,14.0,7.4,5.5,4.8,15.6,19.7,118.0,0.6,2023-24,0.359,0.277,0.569,2.036,12.9,0.567,0.601,0.3,0.19,4.1,2023,Average
1610612763,Memphis Grizzlies,82,0.329,48.2,38.4,88.2,0.435,13.1,37.8,0.346,16.0,21.0,0.764,10.9,31.7,42.6,24.7,15.1,8.2,6.1,6.5,19.1,18.8,105.8,-7.0,2023-24,0.429,0.238,0.502,1.636,14.299999999999999,0.51,0.543,0.371,0.256,-0.3000000000000007,2023,Unsuccessful
1610612748,Miami Heat,82,0.561,48.2,39.8,85.6,0.465,12.5,33.7,0.37,18.0,22.0,0.818,9.3,33.0,42.3,25.8,12.7,7.5,3.4,4.7,17.3,18.9,110.1,1.8,2023-24,0.394,0.257,0.526,2.031,10.9,0.538,0.578,0.341,0.22,1.5999999999999979,2023,Average
1610612749,Milwaukee Bucks,82,0.598,48.3,43.1,88.5,0.487,14.2,38.1,0.373,18.5,23.9,0.774,9.4,34.8,44.2,26.5,12.9,6.8,5.0,4.2,19.2,19.2,119.0,2.6,2023-24,0.431,0.27,0.573,2.054,11.8,0.567,0.601,0.358,0.213,0.0,2023,Average
1610612750,Minnesota Timberwolves,82,0.683,48.3,41.3,85.0,0.485,12.6,32.7,0.387,17.8,22.9,0.777,9.4,34.2,43.6,26.6,14.2,7.9,6.1,4.5,18.8,19.9,113.0,6.5,2023-24,0.385,0.269,0.549,1.873,14.0,0.56,0.594,0.335,0.216,1.0999999999999979,2023,Successful
1610612740,New Orleans Pelicans,82,0.598,48.1,42.5,87.4,0.486,12.5,32.6,0.383,17.6,22.8,0.771,10.4,33.6,44.0,27.0,13.0,8.3,4.6,5.2,18.4,18.4,115.1,4.4,2023-24,0.373,0.261,0.547,2.077,12.9,0.558,0.591,0.326,0.236,0.0,2023,Average
1610612752,New York Knicks,82,0.61,48.1,41.3,88.7,0.465,13.2,35.8,0.369,17.0,21.8,0.78,12.7,32.5,45.2,24.4,13.2,7.5,4.1,5.3,17.6,19.1,112.8,4.6,2023-24,0.404,0.246,0.531,1.848,11.6,0.54,0.574,0.351,0.281,1.5,2023,Successful
1610612760,Oklahoma City Thunder,82,0.695,48.3,44.5,89.3,0.499,13.3,34.2,0.389,17.7,21.5,0.825,8.8,33.2,42.0,27.1,12.7,8.5,6.6,5.1,18.8,18.9,120.1,7.4,2023-24,0.383,0.241,0.566,2.134,15.1,0.573,0.608,0.332,0.21,0.09999999999999787,2023,Successful
1610612753,Orlando Magic,82,0.573,48.2,40.5,84.9,0.476,11.0,31.3,0.352,18.5,24.4,0.759,10.5,31.8,42.3,24.7,14.7,8.2,5.2,4.6,19.7,20.9,110.5,2.0,2023-24,0.369,0.287,0.55,1.68,13.399999999999999,0.542,0.578,0.299,0.248,1.1999999999999993,2023,Average
1610612755,Philadelphia 76ers,82,0.573,48.2,41.5,89.4,0.464,12.1,33.3,0.363,19.5,23.6,0.826,11.0,31.9,43.0,24.9,12.0,8.5,6.0,6.1,20.3,18.5,114.6,3.0,2023-24,0.372,0.264,0.524,2.075,14.5,0.532,0.574,0.317,0.256,-1.8000000000000007,2023,Average
1610612756,Phoenix Suns,82,0.598,48.2,42.5,86.1,0.493,12.4,32.6,0.382,18.9,23.4,0.808,10.1,33.9,44.1,27.0,14.9,7.4,6.0,4.5,18.0,19.7,116.2,3.1,2023-24,0.379,0.272,0.563,1.812,13.4,0.566,0.603,0.32,0.229,1.6999999999999993,2023,Average
1610612757,Portland Trail Blazers,82,0.256,48.5,39.4,89.7,0.439,11.5,33.2,0.345,16.2,20.5,0.791,12.6,30.1,42.7,23.1,15.2,7.6,4.3,6.4,20.2,17.9,106.4,-9.0,2023-24,0.37,0.229,0.494,1.52,11.899999999999999,0.503,0.539,0.324,0.295,-2.3000000000000007,2023,Unsuccessful
1610612758,Sacramento Kings,82,0.561,48.4,43.3,90.9,0.477,14.4,39.3,0.366,15.5,20.9,0.745,10.8,33.2,44.0,28.3,13.1,7.6,4.2,4.5,19.9,18.3,116.6,1.7,2023-24,0.432,0.23,0.56,2.16,11.8,0.556,0.582,0.37,0.245,-1.5999999999999979,2023,Average
1610612759,San Antonio Spurs,82,0.268,48.4,41.9,90.7,0.462,12.6,36.4,0.347,15.6,20.0,0.782,10.4,33.9,44.2,29.9,15.1,7.1,6.3,4.6,17.2,17.9,112.1,-6.5,2023-24,0.401,0.221,0.54,1.98,13.399999999999999,0.531,0.563,0.337,0.235,0.6999999999999993,2023,Unsuccessful
1610612761,Toronto Raptors,82,0.305,48.3,42.3,89.7,0.471,11.5,33.1,0.347,16.3,21.6,0.756,10.9,31.8,42.7,28.5,14.0,7.7,4.7,5.8,18.4,18.1,112.4,-6.4,2023-24,0.369,0.241,0.544,2.036,12.4,0.536,0.567,0.307,0.255,-0.29999999999999716,2023,Unsuccessful
1610612762,Utah Jazz,82,0.378,48.3,42.0,89.9,0.467,12.9,36.5,0.354,18.8,22.6,0.83,12.2,33.2,45.5,27.2,15.7,6.5,5.6,6.4,18.6,19.2,115.7,-4.9,2023-24,0.406,0.251,0.545,1.732,12.1,0.539,0.579,0.334,0.268,0.5999999999999979,2023,Unsuccessful
1610612764,Washington Wizards,82,0.183,48.1,43.0,91.4,0.47,12.4,35.5,0.348,15.4,20.2,0.764,9.2,31.9,41.1,27.9,14.0,7.6,5.1,6.0,20.0,18.0,113.7,-9.3,2023-24,0.388,0.221,0.547,1.993,12.7,0.538,0.567,0.327,0.224,-2.0,2023,Unsuccessful
1610612737,Atlanta Hawks,82,0.488,48.2,43.4,91.8,0.472,13.5,37.7,0.358,18.0,23.2,0.775,11.9,32.6,44.5,29.6,15.5,9.7,5.1,4.9,19.1,19.1,118.2,-1.1,2024-25,0.411,0.253,0.553,1.91,14.799999999999999,0.546,0.579,0.343,0.267,0.0,2024,Average
1610612738,Boston Celtics,82,0.744,48.4,41.6,90.0,0.462,17.8,48.2,0.368,15.3,19.1,0.799,11.4,33.9,45.3,26.1,11.9,7.2,5.5,3.6,15.9,17.5,116.3,9.1,2024-25,0.536,0.212,0.569,2.193,12.7,0.561,0.591,0.459,0.252,1.5999999999999996,2024,Successful
1610612751,Brooklyn Nets,82,0.317,48.2,37.6,86.1,0.437,13.6,39.4,0.344,16.3,20.7,0.787,10.9,30.4,41.3,25.2,15.2,7.8,4.3,5.6,20.7,18.9,105.1,-7.1,2024-25,0.458,0.24,0.514,1.658,12.1,0.516,0.552,0.388,0.264,-1.8000000000000007,2024,Unsuccessful
1610612766,Charlotte Hornets,82,0.232,48.2,38.3,89.1,0.43,13.0,38.3,0.339,15.5,19.8,0.783,12.2,33.0,45.2,24.3,15.5,7.4,4.5,5.3,18.7,18.1,105.1,-9.1,2024-25,0.43,0.222,0.498,1.568,11.9,0.503,0.537,0.371,0.27,-0.5999999999999979,2024,Unsuccessful
1610612741,Chicago Bulls,82,0.476,48.2,43.2,92.0,0.47,15.4,42.0,0.367,16.0,19.7,0.809,10.1,35.8,45.9,29.1,14.7,7.6,4.7,5.1,17.6,16.8,117.8,-1.6,2024-25,0.457,0.214,0.556,1.98,12.3,0.553,0.585,0.392,0.22,-0.8000000000000007,2024,Average
1610612739,Cleveland Cavaliers,82,0.78,48.2,44.5,90.8,0.491,15.9,41.5,0.383,17.0,21.9,0.776,11.2,34.2,45.4,28.1,13.2,8.2,4.3,4.4,18.1,18.9,121.9,9.5,2024-25,0.457,0.241,0.58,2.129,12.5,0.578,0.607,0.391,0.247,0.7999999999999972,2024,Successful
1610612742,Dallas Mavericks,82,0.476,48.1,42.0,87.7,0.479,12.4,34.2,0.364,17.8,23.1,0.77,10.1,33.0,43.0,25.2,14.0,7.8,5.4,4.6,17.8,18.7,114.2,-1.2,2024-25,0.39,0.263,0.553,1.8,13.2,0.55,0.583,0.326,0.235,0.8999999999999986,2024,Average
1610612743,Denver Nuggets,82,0.61,48.4,45.4,89.8,0.506,12.0,31.9,0.376,17.9,23.3,0.77,11.2,34.5,45.7,31.0,14.3,8.0,4.9,5.1,17.6,19.0,120.8,3.9,2024-25,0.355,0.259,0.577,2.168,12.9,0.572,0.604,0.298,0.245,1.3999999999999986,2024,Successful
1610612765,Detroit Pistons,82,0.537,48.3,42.7,89.8,0.476,12.8,35.4,0.362,17.2,22.3,0.774,11.4,33.4,44.8,26.4,14.9,8.0,5.3,5.0,20.7,18.9,115.5,1.9,2024-25,0.394,0.248,0.55,1.772,13.3,0.547,0.58,0.332,0.254,-1.8000000000000007,2024,Average
1610612744,Golden State Warriors,82,0.585,48.1,40.8,90.4,0.451,15.4,42.4,0.364,16.9,22.1,0.764,12.5,32.8,45.4,29.1,14.0,9.4,4.8,5.4,19.2,18.6,113.8,3.3,2024-25,0.469,0.244,0.529,2.079,14.2,0.537,0.568,0.406,0.275,-0.5999999999999979,2024,Average
1610612745,Houston Rockets,82,0.634,48.2,42.5,93.4,0.455,12.7,35.8,0.353,16.7,22.6,0.738,14.6,33.8,48.5,23.3,13.9,8.4,5.0,5.7,19.0,19.2,114.3,4.5,2024-25,0.383,0.242,0.517,1.676,13.4,0.523,0.553,0.333,0.301,0.1999999999999993,2024,Successful
1610612754,Indiana Pacers,82,0.61,48.4,43.6,89.3,0.488,13.2,35.8,0.368,17.0,21.6,0.789,9.2,32.7,41.8,29.2,13.2,8.5,5.5,4.5,18.7,18.8,117.4,2.2,2024-25,0.401,0.242,0.568,2.212,14.0,0.562,0.594,0.337,0.22,0.10000000000000142,2024,Successful
1610612746,LA Clippers,82,0.61,48.3,41.6,86.3,0.482,12.5,33.4,0.373,17.3,21.7,0.797,10.3,33.5,43.8,25.2,14.9,9.4,4.5,4.3,18.3,17.8,112.9,4.7,2024-25,0.387,0.251,0.55,1.691,13.9,0.554,0.589,0.332,0.235,-0.5,2024,Successful
1610612747,Los Angeles Lakers,82,0.61,48.1,40.9,85.5,0.479,13.3,36.4,0.366,18.2,23.2,0.785,9.7,32.8,42.4,26.0,14.0,7.7,4.5,4.2,17.3,19.2,113.4,1.2,2024-25,0.426,0.271,0.562,1.857,12.2,0.556,0.592,0.352,0.229,1.8999999999999986,2024,Successful
1610612763,Memphis Grizzlies,82,0.585,48.1,44.8,93.3,0.479,13.9,37.9,0.367,18.3,23.3,0.786,12.9,34.4,47.3,28.4,15.7,8.9,5.6,5.5,20.9,20.2,121.7,4.9,2024-25,0.406,0.25,0.558,1.809,14.5,0.555,0.588,0.343,0.273,-0.6999999999999993,2024,Average
1610612748,Miami Heat,82,0.451,48.6,40.5,87.0,0.465,13.7,37.3,0.367,16.0,20.2,0.791,9.7,33.7,43.4,26.4,13.6,8.1,3.8,4.7,15.5,17.0,110.6,0.6,2024-25,0.429,0.232,0.539,1.941,11.899999999999999,0.544,0.577,0.372,0.224,1.5,2024,Average
1610612749,Milwaukee Bucks,82,0.585,48.2,42.0,86.4,0.486,14.2,36.6,0.387,17.3,23.1,0.75,8.2,35.1,43.4,25.5,13.4,7.3,4.7,3.8,17.9,18.9,115.5,2.5,2024-25,0.424,0.267,0.558,1.903,12.0,0.568,0.598,0.369,0.189,1.0,2024,Average
1610612750,Minnesota Timberwolves,82,0.598,48.4,41.0,87.6,0.468,15.0,39.9,0.377,17.2,21.8,0.789,11.1,33.2,44.3,26.1,14.5,8.0,5.0,4.5,18.3,19.2,114.3,5.0,2024-25,0.455,0.249,0.545,1.8,13.0,0.554,0.588,0.394,0.251,0.8999999999999986,2024,Average
1610612740,New Orleans Pelicans,82,0.256,48.2,40.6,89.9,0.452,12.0,34.6,0.347,16.5,21.9,0.754,12.1,31.5,43.6,25.8,14.6,8.5,5.2,5.2,18.3,17.9,109.8,-9.4,2024-25,0.385,0.244,0.517,1.767,13.7,0.518,0.552,0.328,0.278,-0.40000000000000213,2024,Unsuccessful
1610612752,New York Knicks,82,0.622,48.5,43.3,89.2,0.486,12.6,34.1,0.369,16.5,20.7,0.8,10.9,31.8,42.6,27.5,13.3,8.2,4.0,5.0,17.2,19.0,115.8,4.1,2024-25,0.382,0.232,0.557,2.068,12.2,0.556,0.589,0.326,0.256,1.8000000000000007,2024,Successful
1610612760,Oklahoma City Thunder,82,0.829,48.1,44.6,92.7,0.482,14.5,38.8,0.374,16.7,20.4,0.819,10.6,34.2,44.8,26.9,11.7,10.3,5.7,4.8,19.9,18.1,120.5,12.9,2024-25,0.419,0.22,0.558,2.299,16.0,0.559,0.593,0.361,0.237,-1.7999999999999972,2024,Successful
1610612753,Orlando Magic,82,0.5,48.1,38.2,85.8,0.445,11.2,35.3,0.318,17.9,23.0,0.775,11.1,30.7,41.8,23.0,14.2,8.9,6.0,4.4,20.1,20.3,105.4,-0.1,2024-25,0.411,0.268,0.535,1.62,14.9,0.51,0.549,0.319,0.266,0.1999999999999993,2024,Average
1610612755,Philadelphia 76ers,82,0.293,48.3,39.7,87.4,0.454,12.7,37.2,0.341,17.5,22.5,0.78,10.4,29.4,39.8,23.2,13.6,9.2,4.5,5.1,19.0,18.7,109.6,-6.2,2024-25,0.426,0.257,0.538,1.706,13.7,0.527,0.563,0.348,0.261,-0.3000000000000007,2024,Unsuccessful
1610612756,Phoenix Suns,82,0.439,48.4,41.2,86.3,0.478,14.3,38.0,0.378,16.8,20.8,0.81,9.5,32.9,42.5,27.8,14.1,7.2,4.8,4.0,17.9,18.4,113.6,-3.0,2024-25,0.44,0.241,0.557,1.972,12.0,0.56,0.595,0.378,0.224,0.5,2024,Average
1610612757,Portland Trail Blazers,82,0.439,48.2,40.5,90.2,0.45,12.9,37.7,0.342,16.9,22.2,0.762,13.4,31.4,44.8,23.8,16.0,8.3,5.3,5.5,19.0,19.3,110.9,-3.0,2024-25,0.418,0.246,0.526,1.488,13.600000000000001,0.521,0.555,0.349,0.299,0.3000000000000007,2024,Average
1610612758,Sacramento Kings,82,0.488,48.5,43.0,90.1,0.478,12.6,35.2,0.357,17.1,21.2,0.806,11.0,33.2,44.2,26.5,13.3,7.6,4.4,4.3,18.9,18.5,115.7,0.5,2024-25,0.391,0.235,0.554,1.992,12.0,0.547,0.582,0.327,0.249,-0.3999999999999986,2024,Average
1610612759,San Antonio Spurs,82,0.415,48.1,41.8,89.8,0.465,14.1,39.6,0.357,16.2,21.0,0.774,10.9,32.7,43.7,28.6,13.9,8.2,5.5,4.3,16.6,17.4,113.9,-2.8,2024-25,0.441,0.234,0.552,2.058,13.7,0.544,0.575,0.371,0.249,0.7999999999999972,2024,Average
1610612761,Toronto Raptors,82,0.366,48.3,41.6,91.0,0.458,11.8,34.0,0.348,15.8,21.1,0.748,12.6,32.5,45.1,28.5,15.3,8.1,4.2,5.9,21.2,18.1,110.9,-4.3,2024-25,0.374,0.232,0.523,1.863,12.3,0.522,0.553,0.319,0.279,-3.099999999999998,2024,Unsuccessful
1610612762,Utah Jazz,82,0.207,48.3,40.3,88.7,0.454,14.0,39.8,0.35,17.3,22.4,0.774,12.0,33.4,45.4,25.5,17.2,6.8,4.4,6.4,18.9,19.3,111.9,-9.3,2024-25,0.449,0.253,0.538,1.483,11.2,0.533,0.568,0.375,0.264,0.40000000000000213,2024,Unsuccessful
1610612764,Washington Wizards,82,0.22,48.1,39.4,89.9,0.439,13.1,39.1,0.335,16.0,20.6,0.778,10.6,33.1,43.7,25.1,15.6,7.6,5.1,5.2,19.7,18.2,108.0,-12.4,2024-25,0.435,0.229,0.518,1.609,12.7,0.511,0.546,0.364,0.243,-1.5,2024,Unsuccessful
