PLAYER_ID,PLAYER_NAME,TEAM_ID,TEAM_ABBREVIATION,GP,W,L,W_PCT,MIN,FGM,FGA,FG_PCT,FG3M,FG3A,FG3_PCT,FTM,FTA,FT_PCT,OREB,DREB,REB,AST,TOV,STL,BLK,PTS,PLUS_MINUS,TEAM_COUNT
1630639,A.J. Lawson,1610612742,DAL,42,27,15,0.643,7.4,1.3,2.9,0.446,0.3,1.2,0.26,0.4,0.5,0.652,0.3,0.9,1.2,0.5,0.3,0.2,0.1,3.2,0.4,1
1631260,AJ Green,1610612749,MIL,56,35,21,0.625,11.0,1.5,3.5,0.423,1.2,3.0,0.408,0.3,0.3,0.895,0.2,1.0,1.1,0.5,0.2,0.2,0.1,4.5,0.9,1
1631100,AJ Griffin,1610612737,ATL,20,8,12,0.4,8.5,0.9,3.1,0.29,0.5,2.0,0.256,0.1,0.1,1.0,0.1,0.8,0.9,0.3,0.4,0.1,0.1,2.4,-2.6,1
203932,Aaron Gordon,1610612743,DEN,73,49,24,0.671,31.5,5.5,9.8,0.556,0.5,1.9,0.29,2.4,3.7,0.658,2.4,4.1,6.5,3.5,1.4,0.8,0.6,13.9,5.8,1
1628988,Aaron Holiday,1610612745,HOU,78,39,39,0.5,16.3,2.4,5.3,0.446,1.1,2.8,0.387,0.7,0.8,0.921,0.3,1.3,1.6,1.8,0.7,0.5,0.1,6.6,1.1,1
1630174,Aaron Nesmith,1610612754,IND,72,41,31,0.569,27.7,4.4,8.8,0.496,1.9,4.6,0.419,1.5,1.9,0.781,0.9,2.9,3.8,1.5,0.9,0.9,0.7,12.2,2.2,1
1630598,Aaron Wiggins,1610612760,OKC,78,55,23,0.705,15.7,2.7,4.8,0.562,0.8,1.6,0.492,0.7,0.9,0.789,0.8,1.6,2.4,1.1,0.7,0.7,0.2,6.9,1.2,1
1641745,Adam Flagler,1610612760,OKC,2,2,0,1.0,7.0,0.5,3.5,0.143,0.5,3.0,0.167,0.0,0.0,0.0,0.0,0.0,0.0,2.0,0.0,0.0,0.0,1.5,0.0,1
1641766,Adama Sanogo,1610612741,CHI,9,3,6,0.333,7.3,1.6,3.0,0.519,0.0,0.0,0.0,0.9,1.3,0.667,2.1,1.9,4.0,0.0,0.6,0.1,0.0,4.0,3.8,1
1629678,Admiral Schofield,1610612753,ORL,23,15,8,0.652,3.7,0.4,1.1,0.385,0.3,0.7,0.375,0.0,0.1,0.0,0.1,0.6,0.7,0.3,0.2,0.0,0.0,1.1,-0.6,1
201143,Al Horford,1610612738,BOS,65,51,14,0.785,26.8,3.3,6.4,0.511,1.7,4.0,0.419,0.4,0.5,0.867,1.3,5.1,6.4,2.6,0.7,0.6,1.0,8.6,6.5,1
202692,Alec Burks,1610612752,NYK,66,18,48,0.273,18.4,3.2,8.6,0.369,1.9,5.0,0.376,2.2,2.5,0.868,0.4,1.9,2.3,1.3,0.7,0.4,0.2,10.4,-3.9,2
1630197,Aleksej Pokusevski,1610612766,CHA,28,14,14,0.5,14.5,1.8,4.3,0.405,0.6,2.0,0.327,1.1,1.5,0.732,0.6,2.6,3.2,1.3,0.7,0.5,0.5,5.2,-2.6,2
1627936,Alex Caruso,1610612741,CHI,71,34,37,0.479,28.7,3.6,7.6,0.468,1.9,4.7,0.408,1.0,1.4,0.76,0.9,3.0,3.8,3.5,1.4,1.7,1.0,10.1,0.1,1
1641788,Alex Fudge,1610612742,DAL,6,1,5,0.167,6.7,1.0,2.5,0.4,0.2,0.8,0.2,0.3,0.3,1.0,0.7,0.2,0.8,0.0,0.3,0.5,0.0,2.5,-6.5,2
203458,Alex Len,1610612758,SAC,48,24,24,0.5,9.3,1.0,1.7,0.617,0.0,0.1,0.0,0.4,0.7,0.588,1.0,1.7,2.7,1.0,0.6,0.2,0.7,2.5,3.0,1
1631214,Alondes Williams,1610612748,MIA,7,5,2,0.714,2.2,0.3,1.1,0.25,0.0,0.6,0.0,0.1,0.1,1.0,0.0,0.1,0.1,0.0,0.3,0.0,0.1,0.7,-2.9,1
1630578,Alperen Sengun,1610612745,HOU,63,29,34,0.46,32.5,8.4,15.6,0.537,0.5,1.8,0.297,3.9,5.6,0.693,2.9,6.4,9.3,5.0,2.6,1.2,0.7,21.1,0.8,1
1641735,Amari Bailey,1610612766,CHA,10,1,9,0.1,6.5,0.8,2.4,0.333,0.1,0.8,0.125,0.6,0.7,0.857,0.6,0.3,0.9,0.7,0.4,0.3,0.0,2.3,0.5,1
1641708,Amen Thompson,1610612745,HOU,62,30,32,0.484,22.4,3.9,7.2,0.536,0.1,0.9,0.138,1.7,2.5,0.684,2.4,4.2,6.6,2.6,1.5,1.3,0.6,9.5,0.7,1
1629599,Amir Coffey,1610612746,LAC,70,46,24,0.657,20.9,2.4,5.0,0.472,1.0,2.6,0.38,0.9,1.0,0.859,0.4,1.7,2.1,1.1,0.5,0.6,0.2,6.6,-1.3,1
203083,Andre Drummond,1610612741,CHI,79,37,42,0.468,17.1,3.4,6.1,0.556,0.0,0.0,0.0,1.6,2.8,0.592,3.4,5.6,9.0,0.5,1.0,0.9,0.6,8.4,0.3,1
1641748,Andre Jackson Jr.,1610612749,MIL,57,33,24,0.579,10.0,0.9,1.8,0.5,0.3,0.8,0.37,0.1,0.2,0.727,0.8,1.2,2.0,0.9,0.5,0.3,0.1,2.2,-1.6,1
1641847,Andrew Funk,1610612741,CHI,5,3,2,0.6,2.7,0.0,0.8,0.0,0.0,0.6,0.0,0.0,0.0,0.0,0.0,0.0,0.0,0.0,0.0,0.2,0.2,0.0,0.8,1
1629614,Andrew Nembhard,1610612754,IND,68,41,27,0.603,25.0,3.8,7.7,0.498,0.9,2.5,0.357,0.7,0.8,0.804,0.5,1.5,2.1,4.1,1.5,0.9,0.1,9.2,1.0,1
203952,Andrew Wiggins,1610612744,GSW,71,38,33,0.535,27.0,5.0,11.0,0.453,1.3,3.6,0.358,2.0,2.7,0.751,1.5,3.0,4.5,1.7,1.2,0.6,0.6,13.2,-0.8,1
1629014,Anfernee Simons,1610612757,POR,46,11,35,0.239,34.4,7.8,18.2,0.43,3.4,8.8,0.385,3.5,3.9,0.916,0.5,3.2,3.6,5.5,2.7,0.5,0.1,22.6,-7.2,1
1641710,Anthony Black,1610612753,ORL,69,39,30,0.565,16.9,1.7,3.6,0.466,0.5,1.4,0.394,0.7,1.2,0.613,0.5,1.5,2.0,1.3,0.8,0.5,0.3,4.6,-0.5,1
203076,Anthony Davis,1610612747,LAL,76,45,31,0.592,35.5,9.4,16.9,0.556,0.4,1.4,0.271,5.5,6.8,0.816,3.1,9.5,12.6,3.5,2.1,1.2,2.3,24.7,2.0,1
1630162,Anthony Edwards,1610612750,MIN,79,54,25,0.684,35.1,9.1,19.7,0.461,2.4,6.7,0.357,5.4,6.4,0.836,0.7,4.8,5.4,5.1,3.1,1.3,0.5,25.9,5.5,1
1630264,Anthony Gill,1610612764,WAS,50,9,41,0.18,9.3,1.5,3.2,0.469,0.2,0.8,0.244,0.6,0.7,0.806,0.7,1.1,1.9,0.7,0.5,0.3,0.2,3.8,0.1,1
1629717,Armoni Brooks,1610612751,BKN,10,3,7,0.3,10.4,1.5,4.6,0.326,1.1,3.2,0.344,0.1,0.2,0.5,0.7,1.1,1.8,0.5,0.3,0.1,0.1,4.2,2.8,1
1630204,Ashton Hagans,1610612757,POR,19,3,16,0.158,16.6,1.5,3.7,0.408,0.4,1.3,0.32,0.7,0.9,0.824,0.7,1.6,2.4,2.8,1.6,0.6,0.5,4.2,-0.2,1
1641709,Ausar Thompson,1610612765,DET,63,10,53,0.159,25.1,3.7,7.6,0.483,0.3,1.8,0.186,1.1,1.9,0.597,2.0,4.3,6.4,1.9,1.3,1.1,0.9,8.8,-3.7,1
1630559,Austin Reaves,1610612747,LAL,82,47,35,0.573,32.1,5.6,11.5,0.486,1.9,5.1,0.367,2.8,3.3,0.853,0.7,3.6,4.3,5.5,2.1,0.8,0.3,15.9,-0.5,1
1630245,Ayo Dosunmu,1610612741,CHI,76,37,39,0.487,29.1,4.7,9.5,0.501,1.6,3.9,0.403,1.1,1.4,0.81,0.7,2.1,2.8,3.2,1.4,0.9,0.5,12.2,-2.1,1
1628389,Bam Adebayo,1610612748,MIA,71,40,31,0.563,34.0,7.5,14.3,0.521,0.2,0.6,0.357,4.1,5.5,0.755,2.2,8.1,10.4,3.9,2.3,1.1,0.9,19.3,0.7,1
1641767,Ben Sheppard,1610612754,IND,57,32,25,0.561,14.3,1.6,4.0,0.393,0.9,2.7,0.314,0.4,0.5,0.885,0.3,1.3,1.6,0.9,0.3,0.6,0.0,4.4,1.2,1
1627732,Ben Simmons,1610612751,BKN,15,7,8,0.467,23.9,2.9,4.9,0.581,0.0,0.0,0.0,0.4,1.0,0.4,2.1,5.9,7.9,5.7,1.8,0.8,0.6,6.1,-2.5,1
1631097,Bennedict Mathurin,1610612754,IND,59,33,26,0.559,26.1,5.0,11.2,0.446,1.4,3.6,0.374,3.1,3.8,0.821,1.0,2.9,4.0,2.0,1.6,0.6,0.2,14.5,-1.6,1
1641731,Bilal Coulibaly,1610612764,WAS,63,11,52,0.175,27.2,3.0,6.9,0.435,1.0,2.9,0.346,1.5,2.1,0.702,0.9,3.2,4.1,1.7,1.4,0.9,0.8,8.4,-6.7,1
202687,Bismack Biyombo,1610612760,OKC,40,20,20,0.5,19.8,1.9,3.3,0.565,0.0,0.0,0.0,0.7,1.4,0.481,1.6,3.7,5.2,1.3,1.1,0.3,0.9,4.4,-1.6,2
1631104,Blake Wesley,1610612759,SAS,61,19,42,0.311,14.4,1.7,3.5,0.474,0.2,0.9,0.218,0.9,1.3,0.667,0.3,1.2,1.5,2.7,0.9,0.5,0.1,4.4,-2.4,1
1626246,Boban Marjanovic,1610612745,HOU,14,9,5,0.643,5.1,1.3,2.4,0.529,0.0,0.1,0.0,0.6,1.0,0.643,0.5,1.8,2.3,0.4,0.4,0.1,0.1,3.2,-1.4,1
1626171,Bobby Portis,1610612749,MIL,82,49,33,0.598,24.5,5.7,11.2,0.508,1.2,3.0,0.407,1.2,1.5,0.79,1.7,5.7,7.4,1.3,1.1,0.8,0.4,13.8,-0.1,1
203992,Bogdan Bogdanović,1610612737,ATL,79,35,44,0.443,30.4,6.0,13.9,0.428,3.0,8.1,0.374,1.9,2.1,0.921,0.7,2.8,3.4,3.1,1.4,1.2,0.3,16.9,1.6,1
202711,Bojan Bogdanovic,1610612752,NYK,57,20,37,0.351,25.9,5.4,11.9,0.454,2.3,5.9,0.398,2.1,2.6,0.785,0.4,2.3,2.7,1.7,1.8,0.5,0.1,15.2,-6.1,2
1629626,Bol Bol,1610612756,PHX,43,28,15,0.651,10.9,2.2,3.5,0.616,0.5,1.2,0.423,0.3,0.4,0.789,0.7,2.4,3.2,0.4,0.4,0.2,0.6,5.2,0.3,1
1630538,Bones Hyland,1610612746,LAC,37,20,17,0.541,14.6,2.6,6.8,0.386,1.2,3.6,0.326,0.5,0.6,0.783,0.1,1.4,1.5,2.5,1.2,0.7,0.1,6.9,-1.8,1
203078,Bradley Beal,1610612756,PHX,53,33,20,0.623,33.3,7.1,13.9,0.513,1.9,4.4,0.43,2.1,2.5,0.813,1.0,3.4,4.4,5.0,2.5,1.0,0.5,18.2,2.0,1
1641764,Brandin Podziemski,1610612744,GSW,74,41,33,0.554,26.6,3.7,8.1,0.454,1.2,3.2,0.385,0.7,1.1,0.633,1.6,4.2,5.8,3.7,1.2,0.8,0.2,9.2,3.6,1
1630527,Brandon Boston,1610612746,LAC,32,17,15,0.531,10.8,2.0,5.0,0.404,0.4,1.6,0.269,0.7,1.0,0.697,0.6,1.0,1.6,0.4,0.8,0.3,0.3,5.2,-3.5,1
1629634,Brandon Clarke,1610612763,MEM,6,2,4,0.333,22.4,5.5,9.8,0.559,0.2,1.0,0.167,0.2,1.2,0.143,2.2,3.2,5.3,1.5,0.5,0.8,1.0,11.3,-1.3,1
1627742,Brandon Ingram,1610612740,NOP,64,38,26,0.594,32.9,7.8,15.9,0.492,1.3,3.8,0.355,3.8,4.8,0.801,0.7,4.4,5.1,5.7,2.5,0.8,0.6,20.8,2.7,1
1641706,Brandon Miller,1610612766,CHA,74,18,56,0.243,32.2,6.4,14.6,0.44,2.5,6.7,0.373,1.9,2.3,0.827,0.8,3.4,4.3,2.4,1.8,0.9,0.6,17.3,-6.9,1
1630314,Brandon Williams,1610612742,DAL,17,10,7,0.588,6.6,1.2,3.2,0.37,0.2,0.9,0.2,0.6,1.0,0.647,0.2,0.5,0.8,1.0,0.4,0.1,0.1,3.2,-3.4,1
1630296,Braxton Key,1610612743,DEN,20,14,6,0.7,3.0,0.4,0.9,0.412,0.1,0.3,0.4,0.3,0.4,0.75,0.2,0.8,0.9,0.5,0.1,0.1,0.1,1.1,-0.6,1
1641729,Brice Sensabaugh,1610612762,UTA,32,8,24,0.25,18.3,2.7,6.8,0.39,1.1,3.6,0.296,1.2,1.3,0.902,0.5,2.7,3.2,1.7,1.5,0.4,0.2,7.5,-5.4,1
201572,Brook Lopez,1610612749,MIL,79,48,31,0.608,30.5,4.6,9.6,0.485,1.9,5.1,0.366,1.4,1.7,0.821,1.5,3.7,5.2,1.6,1.0,0.5,2.4,12.5,3.5,1
1628971,Bruce Brown,1610612761,TOR,67,26,41,0.388,27.8,4.1,8.7,0.478,0.8,2.4,0.323,1.7,2.1,0.824,0.8,3.4,4.2,2.9,1.3,0.9,0.3,10.8,-3.4,2
1628981,Bruno Fernando,1610612737,ATL,45,20,25,0.444,15.2,2.4,4.2,0.583,0.0,0.1,0.0,1.4,2.1,0.667,1.3,3.0,4.3,1.0,1.0,0.6,0.6,6.3,-2.1,1
1631121,Bryce McGowens,1610612766,CHA,59,11,48,0.186,14.9,1.7,3.9,0.439,0.6,1.7,0.333,1.1,1.4,0.776,0.3,1.4,1.7,0.9,0.5,0.4,0.2,5.1,-3.9,1
1631205,Buddy Boeheim,1610612765,DET,10,0,10,0.0,8.4,0.9,2.9,0.31,0.8,2.5,0.32,0.8,1.0,0.8,0.3,0.7,1.0,0.3,0.0,0.0,0.1,3.4,2.1,1
1627741,Buddy Hield,1610612755,PHI,84,46,38,0.548,25.7,4.4,10.1,0.436,2.6,6.8,0.386,0.6,0.7,0.881,0.7,2.5,3.2,2.8,1.2,0.8,0.5,12.1,0.8,2
203468,CJ McCollum,1610612740,NOP,66,42,24,0.636,32.7,7.3,16.0,0.459,3.6,8.4,0.429,1.7,2.1,0.827,0.6,3.7,4.3,4.6,1.7,0.9,0.6,20.0,3.0,1
1630595,Cade Cunningham,1610612765,DET,62,9,53,0.145,33.5,8.5,18.8,0.449,1.9,5.4,0.355,3.8,4.4,0.869,0.5,3.8,4.3,7.5,3.4,0.9,0.4,22.7,-5.6,1
1631216,Caleb Houstan,1610612753,ORL,59,31,28,0.525,13.8,1.4,3.5,0.388,1.2,3.3,0.373,0.4,0.4,0.808,0.5,0.9,1.4,0.5,0.3,0.3,0.1,4.3,-0.5,1
1628997,Caleb Martin,1610612748,MIA,64,36,28,0.563,27.4,3.8,8.7,0.431,1.3,3.6,0.349,1.2,1.5,0.778,1.2,3.2,4.4,2.2,1.2,0.7,0.5,10.0,1.0,1
1629629,Cam Reddish,1610612747,LAL,48,27,21,0.563,20.5,1.9,4.9,0.389,0.8,2.3,0.336,0.9,1.1,0.759,0.6,1.5,2.1,1.0,0.6,1.0,0.3,5.4,-1.0,1
1630560,Cam Thomas,1610612751,BKN,66,23,43,0.348,31.4,8.0,18.0,0.442,2.2,6.0,0.364,4.3,5.1,0.856,0.4,2.8,3.2,2.9,1.9,0.7,0.2,22.5,-3.0,1
1641715,Cam Whitmore,1610612745,HOU,47,19,28,0.404,18.7,4.5,9.9,0.454,1.7,4.7,0.359,1.6,2.4,0.679,0.9,2.9,3.8,0.7,1.0,0.6,0.4,12.3,-0.6,1
1629661,Cameron Johnson,1610612751,BKN,58,21,37,0.362,27.6,4.8,10.7,0.446,2.4,6.1,0.391,1.5,1.9,0.789,0.9,3.4,4.3,2.4,1.0,0.8,0.3,13.4,-1.3,1
1626166,Cameron Payne,1610612755,PHI,78,46,32,0.59,16.7,2.7,6.2,0.432,1.3,3.4,0.39,0.7,0.9,0.866,0.3,1.2,1.5,2.6,0.8,0.5,0.1,7.4,-0.1,2
1627747,Caris LeVert,1610612739,CLE,68,38,30,0.559,28.8,5.1,12.1,0.421,1.6,4.9,0.325,2.3,3.0,0.766,0.6,3.5,4.1,5.1,1.7,1.1,0.5,14.0,1.8,1
1641717,Cason Wallace,1610612760,OKC,82,57,25,0.695,20.6,2.6,5.4,0.491,1.2,2.9,0.419,0.4,0.5,0.784,0.6,1.6,2.3,1.5,0.5,0.9,0.5,6.8,1.5,1
1626224,Cedi Osman,1610612759,SAS,72,17,55,0.236,17.6,2.6,5.3,0.479,1.2,3.1,0.389,0.5,0.7,0.673,0.3,2.2,2.5,1.7,0.7,0.5,0.2,6.8,-4.9,1
1629646,Charles Bassey,1610612759,SAS,19,3,16,0.158,10.8,1.5,2.1,0.725,0.0,0.1,0.0,0.3,0.3,0.833,1.2,2.8,4.0,1.1,0.8,0.4,0.9,3.3,-2.4,1
1629718,Charlie Brown Jr.,1610612752,NYK,8,2,6,0.25,4.7,0.3,1.3,0.2,0.3,0.9,0.286,0.0,0.0,0.0,0.1,0.1,0.3,0.0,0.3,0.0,0.3,0.8,-0.8,1
1631096,Chet Holmgren,1610612760,OKC,82,57,25,0.695,29.4,6.2,11.6,0.53,1.6,4.3,0.37,2.7,3.4,0.793,1.6,6.3,7.9,2.4,1.6,0.6,2.3,16.5,5.2,1
1629002,Chimezie Metu,1610612765,DET,51,24,27,0.471,16.8,2.4,4.8,0.504,0.5,1.8,0.298,1.1,1.3,0.906,0.8,3.0,3.8,0.9,1.0,0.8,0.3,6.5,-2.1,2
1628449,Chris Boucher,1610612761,TOR,50,16,34,0.32,14.1,2.2,4.3,0.507,0.6,1.9,0.33,1.4,1.8,0.772,1.2,2.9,4.1,0.5,0.6,0.3,0.5,6.4,0.6,1
1630537,Chris Duarte,1610612758,SAC,59,35,24,0.593,12.2,1.4,3.6,0.381,0.7,2.2,0.346,0.4,0.6,0.788,0.4,1.4,1.8,0.7,0.4,0.5,0.1,3.9,-1.1,1
1641753,Chris Livingston,1610612749,MIL,21,13,8,0.619,4.3,0.5,1.0,0.5,0.0,0.2,0.2,0.1,0.2,0.75,0.1,0.9,1.0,0.2,0.2,0.1,0.0,1.2,-1.3,1
101108,Chris Paul,1610612744,GSW,58,33,25,0.569,26.4,3.6,8.1,0.441,1.3,3.6,0.371,0.7,0.9,0.827,0.3,3.6,3.9,6.8,1.3,1.2,0.1,9.2,1.9,1
1631128,Christian Braun,1610612743,DEN,82,57,25,0.695,20.2,2.7,5.9,0.46,0.8,2.0,0.384,1.1,1.6,0.694,1.0,2.8,3.7,1.6,0.7,0.5,0.4,7.3,-0.2,1
1626174,Christian Wood,1610612747,LAL,50,28,22,0.56,17.4,2.5,5.3,0.466,0.7,2.3,0.307,1.3,1.9,0.702,0.8,4.3,5.1,1.0,1.0,0.3,0.7,6.9,0.1,1
1629643,Chuma Okeke,1610612753,ORL,47,24,23,0.511,9.2,0.9,2.4,0.357,0.5,1.7,0.28,0.1,0.1,0.571,0.4,1.3,1.7,0.4,0.3,0.2,0.1,2.3,-1.5,1
203991,Clint Capela,1610612737,ATL,73,33,40,0.452,25.8,4.8,8.5,0.571,0.0,0.0,0.0,1.8,2.8,0.631,4.6,6.0,10.6,1.2,1.0,0.6,1.5,11.5,-0.2,1
1629632,Coby White,1610612741,CHI,79,37,42,0.468,36.5,6.8,15.3,0.447,2.6,7.0,0.376,2.8,3.3,0.838,0.6,4.0,4.5,5.1,2.1,0.7,0.2,19.1,-0.4,1
1628998,Cody Martin,1610612766,CHA,28,7,21,0.25,26.9,2.9,7.7,0.381,1.0,3.1,0.314,0.7,1.2,0.606,0.7,3.2,3.9,3.7,1.6,1.1,0.6,7.5,-5.6,1
203469,Cody Zeller,1610612740,NOP,43,26,17,0.605,7.4,0.6,1.4,0.419,0.0,0.1,0.333,0.5,0.9,0.605,1.1,1.5,2.6,0.9,0.4,0.2,0.1,1.8,1.1,1
1641732,Colby Jones,1610612758,SAC,30,15,15,0.5,6.4,0.9,2.4,0.394,0.1,0.7,0.091,0.2,0.4,0.545,0.6,0.8,1.3,0.7,0.3,0.2,0.2,2.1,0.3,1
1630175,Cole Anthony,1610612753,ORL,81,47,34,0.58,22.4,4.1,9.4,0.435,1.1,3.4,0.338,2.2,2.7,0.826,0.8,3.0,3.8,2.9,1.6,0.8,0.5,11.6,1.4,1
1631306,Cole Swider,1610612748,MIA,18,8,10,0.444,4.8,0.8,2.1,0.395,0.6,1.7,0.333,0.1,0.1,1.0,0.1,0.3,0.4,0.3,0.4,0.1,0.1,2.3,-1.1,1
1630658,Colin Castleton,1610612747,LAL,16,9,7,0.563,3.7,0.6,1.0,0.563,0.0,0.0,0.0,0.4,0.4,1.0,0.4,0.4,0.8,0.2,0.2,0.1,0.0,1.5,-2.8,1
1631221,Collin Gillespie,1610612743,DEN,24,15,9,0.625,9.4,1.3,2.9,0.464,0.6,1.6,0.395,0.3,0.5,0.667,0.0,0.8,0.9,1.1,0.6,0.5,0.0,3.6,0.6,1
1629012,Collin Sexton,1610612762,UTA,78,29,49,0.372,26.6,6.5,13.3,0.487,1.6,4.2,0.394,4.1,4.7,0.859,0.9,1.7,2.6,4.9,2.1,0.8,0.2,18.7,-1.8,1
1630557,Corey Kispert,1610612764,WAS,80,15,65,0.188,25.8,4.8,9.9,0.486,2.3,6.0,0.383,1.4,2.0,0.726,0.4,2.4,2.8,2.0,1.2,0.5,0.2,13.4,-5.6,1
202709,Cory Joseph,1610612744,GSW,26,10,16,0.385,11.4,0.9,2.5,0.359,0.5,1.6,0.31,0.2,0.3,0.571,0.2,0.9,1.2,1.6,0.5,0.2,0.1,2.4,-0.5,1
1641854,Craig Porter Jr.,1610612739,CLE,51,30,21,0.588,12.7,2.3,4.5,0.509,0.2,0.7,0.353,0.8,1.1,0.732,0.4,1.7,2.1,2.3,0.9,0.4,0.3,5.6,-0.5,1
1626156,D'Angelo Russell,1610612747,LAL,76,46,30,0.605,32.7,6.5,14.2,0.456,3.0,7.2,0.415,2.1,2.5,0.828,0.4,2.7,3.1,6.3,2.1,0.9,0.5,18.0,2.4,1
1641793,D'Moi Hodge,1610612747,LAL,7,1,6,0.143,5.9,0.7,2.1,0.333,0.4,1.7,0.25,0.1,0.3,0.5,0.0,0.0,0.0,0.7,0.1,0.1,0.1,2.0,-5.0,1
1630618,D.J. Carton,1610612761,TOR,4,2,2,0.5,8.9,0.8,2.0,0.375,0.3,1.0,0.25,1.0,1.3,0.8,0.5,0.5,1.0,0.8,0.3,0.3,0.0,2.8,-7.8,1
1628391,D.J. Wilson,1610612753,ORL,2,1,1,0.5,7.7,2.0,3.0,0.667,1.0,1.0,1.0,0.0,0.0,0.0,0.5,0.5,1.0,1.0,0.0,0.0,1.0,5.0,1.0,1
1629610,DaQuan Jeffries,1610612752,NYK,17,11,6,0.647,2.7,0.4,1.0,0.353,0.1,0.6,0.2,0.0,0.1,0.0,0.0,0.3,0.3,0.3,0.2,0.0,0.1,0.8,-0.6,1
1630227,Daishen Nix,1610612750,MIN,15,11,4,0.733,3.3,0.6,1.6,0.375,0.4,1.1,0.353,0.2,0.4,0.5,0.1,0.1,0.2,0.4,0.3,0.3,0.0,1.8,1.9,1
1630625,Dalano Banton,1610612757,POR,54,24,30,0.444,19.4,3.7,9.3,0.404,1.1,3.7,0.296,1.7,2.2,0.783,0.8,2.5,3.3,2.4,1.4,0.6,0.4,10.3,-4.1,2
1631207,Dalen Terry,1610612741,CHI,59,27,32,0.458,11.5,1.2,2.7,0.439,0.3,1.3,0.23,0.4,0.7,0.581,0.5,1.4,1.9,1.4,0.5,0.5,0.3,3.1,0.6,1
1627745,Damian Jones,1610612739,CLE,39,24,15,0.615,6.9,1.1,1.8,0.597,0.1,0.4,0.214,0.5,0.5,0.857,0.5,1.1,1.6,0.4,0.3,0.2,0.3,2.7,-2.3,1
203081,Damian Lillard,1610612749,MIL,73,48,25,0.658,35.3,7.4,17.5,0.424,3.0,8.5,0.354,6.5,7.0,0.92,0.5,3.9,4.4,7.0,2.6,1.0,0.2,24.3,5.3,1
1629655,Daniel Gafford,1610612742,DAL,74,30,44,0.405,24.5,4.7,6.5,0.725,0.0,0.0,0.0,1.6,2.4,0.674,2.6,5.0,7.6,1.6,1.0,0.9,2.1,11.0,-1.4,2
1628464,Daniel Theis,1610612746,LAC,60,38,22,0.633,16.9,2.6,4.9,0.532,0.4,1.2,0.366,0.6,0.8,0.76,1.4,2.7,4.1,1.0,0.7,0.4,0.9,6.3,1.0,2
201568,Danilo Gallinari,1610612749,MIL,49,15,34,0.306,12.8,1.7,3.9,0.437,0.6,1.9,0.323,1.7,2.0,0.857,0.4,1.8,2.2,1.1,0.5,0.3,0.1,5.7,-2.0,3
201980,Danny Green,1610612755,PHI,2,1,1,0.5,9.2,0.0,1.0,0.0,0.0,0.5,0.0,0.0,0.0,0.0,0.0,1.0,1.0,0.5,0.0,0.5,0.0,0.0,0.0,1
203957,Dante Exum,1610612742,DAL,55,36,19,0.655,19.8,2.9,5.5,0.533,1.0,2.0,0.491,1.0,1.2,0.779,0.5,2.3,2.7,2.9,0.9,0.4,0.1,7.8,4.3,1
1627863,Danuel House Jr.,1610612755,PHI,34,21,13,0.618,15.0,1.4,3.1,0.448,0.4,1.5,0.3,1.0,1.4,0.761,0.5,1.2,1.7,0.8,0.6,0.4,0.1,4.2,0.6,1
203967,Dario Saric,1610612744,GSW,64,35,29,0.547,17.2,2.8,6.1,0.466,1.2,3.1,0.376,1.2,1.5,0.849,1.1,3.3,4.4,2.3,1.2,0.5,0.2,8.0,-0.3,1
1641727,Dariq Whitehead,1610612751,BKN,2,1,1,0.5,12.0,0.5,2.5,0.2,0.0,1.5,0.0,0.5,1.0,0.5,0.0,2.0,2.0,1.5,0.0,0.0,0.5,1.5,-11.0,1
1629647,Darius Bazley,1610612762,UTA,9,2,7,0.222,16.9,2.0,3.3,0.6,0.2,0.9,0.25,1.1,1.3,0.833,0.9,2.2,3.1,0.8,0.9,0.7,0.8,5.3,-3.7,2
1629636,Darius Garland,1610612739,CLE,57,31,26,0.544,33.3,6.6,14.8,0.446,2.3,6.2,0.371,2.6,3.1,0.834,0.5,2.1,2.7,6.5,3.1,1.3,0.1,18.0,2.0,1
1630561,David Duke Jr.,1610612759,SAS,4,3,1,0.75,12.8,2.5,4.5,0.556,0.8,1.5,0.5,0.8,0.8,1.0,0.5,2.0,2.5,1.3,0.8,0.5,0.0,6.5,1.5,1
1631223,David Roddy,1610612756,PHX,65,25,40,0.385,18.1,2.5,6.3,0.403,0.7,2.5,0.293,0.7,1.0,0.691,0.8,2.4,3.2,1.2,0.9,0.4,0.2,6.5,-3.5,2
1630558,Davion Mitchell,1610612758,SAC,72,41,31,0.569,15.3,2.0,4.5,0.452,0.8,2.2,0.361,0.4,0.6,0.714,0.3,1.1,1.3,1.9,0.6,0.2,0.0,5.3,-0.6,1
202722,Davis Bertans,1610612766,CHA,43,20,23,0.465,15.7,2.1,5.4,0.393,1.8,4.7,0.38,0.7,0.8,0.909,0.2,1.2,1.4,0.8,0.4,0.6,0.3,6.7,-1.7,2
1630549,Day'Ron Sharpe,1610612751,BKN,61,25,36,0.41,15.1,2.8,4.8,0.571,0.1,0.2,0.267,1.2,2.0,0.61,2.6,3.7,6.4,1.4,1.1,0.4,0.7,6.8,1.0,1
1628368,De'Aaron Fox,1610612758,SAC,74,42,32,0.568,35.9,9.7,20.9,0.465,2.9,7.8,0.369,4.2,5.7,0.738,0.9,3.7,4.6,5.6,2.6,2.0,0.4,26.6,3.1,1
1629631,De'Andre Hunter,1610612737,ATL,57,26,31,0.456,29.5,5.3,11.6,0.459,2.1,5.3,0.385,2.9,3.4,0.847,0.5,3.4,3.9,1.5,1.5,0.7,0.3,15.6,-0.9,1
1629001,De'Anthony Melton,1610612755,PHI,38,25,13,0.658,26.9,3.7,9.5,0.386,2.0,5.6,0.36,1.7,2.1,0.835,0.7,3.0,3.7,3.0,1.0,1.6,0.4,11.1,5.7,1
201599,DeAndre Jordan,1610612743,DEN,36,24,12,0.667,11.0,1.6,2.6,0.624,0.0,0.0,0.0,0.7,1.5,0.491,1.5,2.9,4.4,0.7,0.6,0.2,0.4,3.9,-2.4,1
1630610,DeJon Jarreau,1610612763,MEM,9,2,7,0.222,16.6,1.9,5.6,0.34,0.4,1.4,0.308,0.6,1.2,0.455,0.9,4.0,4.9,2.9,1.0,0.7,0.2,4.8,-2.7,1
201942,DeMar DeRozan,1610612741,CHI,79,37,42,0.468,37.8,8.2,17.2,0.48,0.9,2.8,0.333,6.6,7.7,0.853,0.5,3.8,4.3,5.3,1.7,1.1,0.6,24.0,-0.8,1
1629731,Dean Wade,1610612739,CLE,54,36,18,0.667,20.5,1.8,4.3,0.414,1.5,3.7,0.391,0.4,0.5,0.769,0.7,3.4,4.0,0.8,0.4,0.7,0.5,5.4,3.3,1
1629028,Deandre Ayton,1610612757,POR,55,14,41,0.255,32.4,7.8,13.6,0.57,0.0,0.2,0.1,1.2,1.4,0.823,3.2,7.9,11.1,1.6,1.8,1.0,0.8,16.7,-5.8,1
1627749,Dejounte Murray,1610612737,ATL,78,34,44,0.436,35.7,8.6,18.8,0.459,2.6,7.1,0.363,2.7,3.4,0.794,0.8,4.5,5.3,6.4,2.6,1.4,0.3,22.5,-2.0,1
1626153,Delon Wright,1610612748,MIA,47,16,31,0.34,15.8,1.6,4.0,0.394,0.5,1.4,0.368,0.8,1.0,0.822,0.4,1.4,1.8,2.5,0.3,1.1,0.2,4.5,0.3,2
1630166,Deni Avdija,1610612764,WAS,75,14,61,0.187,30.1,5.4,10.7,0.506,1.2,3.1,0.374,2.7,3.6,0.74,1.1,6.1,7.2,3.8,2.1,0.8,0.5,14.7,-4.4,1
203471,Dennis Schröder,1610612751,BKN,80,30,50,0.375,31.1,5.0,11.6,0.435,1.7,4.6,0.375,2.2,2.7,0.836,0.5,2.5,3.0,6.1,1.9,0.8,0.2,14.0,-1.6,2
1628372,Dennis Smith Jr.,1610612751,BKN,56,19,37,0.339,18.9,2.6,6.0,0.435,0.6,1.9,0.294,0.8,1.0,0.741,0.9,2.0,2.9,3.6,1.2,1.2,0.2,6.6,-0.6,1
1641726,Dereck Lively II,1610612742,DAL,55,35,20,0.636,23.5,4.0,5.4,0.747,0.0,0.0,0.0,0.7,1.5,0.506,2.5,4.4,6.9,1.1,0.9,0.7,1.4,8.8,2.6,1
1631220,Dereon Seabron,1610612740,NOP,6,3,3,0.5,9.2,0.7,2.2,0.308,0.2,0.3,0.5,0.8,1.0,0.833,0.2,1.0,1.2,0.8,0.0,0.3,0.2,2.3,4.7,1
1627884,Derrick Jones Jr.,1610612742,DAL,76,47,29,0.618,23.5,3.1,6.5,0.483,1.1,3.1,0.343,1.3,1.8,0.713,1.1,2.2,3.3,1.0,0.9,0.7,0.7,8.6,0.7,1
201565,Derrick Rose,1610612763,MEM,24,6,18,0.25,16.6,3.2,6.9,0.461,0.6,1.7,0.366,1.0,1.1,0.889,0.3,1.6,1.9,3.3,1.3,0.3,0.1,8.0,-1.4,1
1628401,Derrick White,1610612738,BOS,73,58,15,0.795,32.6,5.3,11.5,0.461,2.7,6.8,0.396,1.9,2.1,0.901,0.7,3.5,4.2,5.2,1.5,1.0,1.2,15.2,8.5,1
1630217,Desmond Bane,1610612763,MEM,42,14,28,0.333,34.4,8.6,18.5,0.464,3.3,8.6,0.381,3.3,3.8,0.87,0.9,3.5,4.4,5.5,2.7,1.0,0.5,23.7,-4.8,1
1626164,Devin Booker,1610612756,PHX,68,43,25,0.632,36.0,9.4,19.2,0.492,2.2,6.1,0.364,6.0,6.7,0.886,0.8,3.7,4.5,6.9,2.6,0.9,0.4,27.1,4.6,1
1630170,Devin Vassell,1610612759,SAS,68,17,51,0.25,33.1,7.3,15.5,0.472,2.4,6.6,0.372,2.4,3.0,0.801,0.4,3.4,3.8,4.1,1.6,1.1,0.3,19.5,-4.3,1
1628984,Devonte' Graham,1610612759,SAS,23,8,15,0.348,13.6,1.7,4.7,0.352,1.1,3.6,0.301,0.6,0.7,0.813,0.2,1.3,1.6,2.1,0.7,0.4,0.1,5.0,1.0,1
1641926,Dexter Dennis,1610612742,DAL,4,1,3,0.25,7.5,2.5,4.8,0.526,0.3,2.0,0.125,0.3,0.8,0.333,0.3,2.0,2.3,1.0,0.8,0.0,0.3,5.5,-2.3,1
1628415,Dillon Brooks,1610612745,HOU,72,36,36,0.5,30.9,4.6,10.7,0.428,1.8,5.1,0.359,1.7,2.0,0.844,0.7,2.7,3.4,1.7,1.2,0.9,0.1,12.7,-0.3,1
1631376,Dmytro Skapintsev,1610612752,NYK,2,0,2,0.0,1.1,0.0,0.5,0.0,0.0,0.0,0.0,0.0,0.0,0.0,0.0,0.0,0.0,0.0,0.0,0.0,0.0,0.0,0.0,1
1627734,Domantas Sabonis,1610612758,SAC,82,46,36,0.561,35.7,7.7,13.0,0.594,0.4,1.1,0.379,3.6,5.1,0.704,3.6,10.1,13.7,8.2,3.3,0.9,0.6,19.4,0.8,1
1631230,Dominick Barlow,1610612759,SAS,33,7,26,0.212,12.7,1.7,3.4,0.496,0.1,0.3,0.333,0.9,1.3,0.69,1.4,2.1,3.4,1.1,0.3,0.4,0.4,4.4,-1.0,1
1628378,Donovan Mitchell,1610612739,CLE,55,36,19,0.655,35.3,9.1,19.8,0.462,3.3,9.0,0.368,5.0,5.8,0.865,0.8,4.3,5.1,6.1,2.8,1.8,0.5,26.6,5.9,1
1628978,Donte DiVincenzo,1610612752,NYK,81,50,31,0.617,29.1,5.5,12.4,0.443,3.5,8.7,0.401,1.1,1.4,0.754,0.8,2.9,3.7,2.7,1.4,1.3,0.4,15.5,2.0,1
1627827,Dorian Finney-Smith,1610612751,BKN,68,28,40,0.412,28.4,3.2,7.5,0.421,1.7,4.9,0.348,0.5,0.7,0.717,1.6,3.1,4.7,1.6,0.9,0.8,0.6,8.5,-1.6,1
203926,Doug McDermott,1610612754,IND,64,22,42,0.344,14.1,1.9,4.4,0.433,1.5,3.6,0.41,0.2,0.3,0.579,0.2,0.8,0.9,1.1,0.4,0.3,0.0,5.5,-2.2,2
203110,Draymond Green,1610612744,GSW,55,33,22,0.6,27.1,3.4,6.8,0.497,0.9,2.3,0.395,1.0,1.3,0.73,1.4,5.9,7.2,6.0,2.5,1.0,0.9,8.6,3.1,1
1629234,Drew Eubanks,1610612756,PHX,75,42,33,0.56,15.6,2.0,3.4,0.601,0.0,0.0,1.0,1.0,1.2,0.774,1.4,2.9,4.3,0.8,0.8,0.4,0.8,5.1,-1.4,1
1641809,Drew Peterson,1610612738,BOS,3,3,0,1.0,7.6,1.3,2.0,0.667,1.0,1.7,0.6,0.0,0.0,0.0,0.0,0.3,0.3,0.3,0.3,0.7,0.0,3.7,2.7,1
1630696,Dru Smith,1610612748,MIA,9,7,2,0.778,14.5,1.7,3.7,0.455,0.8,1.9,0.412,0.2,0.2,1.0,0.7,0.9,1.6,1.6,0.6,1.0,0.3,4.3,-4.8,1
1629130,Duncan Robinson,1610612748,MIA,68,38,30,0.559,28.0,4.5,9.9,0.45,2.8,7.0,0.395,1.2,1.3,0.889,0.2,2.3,2.5,2.8,1.4,0.7,0.2,12.9,0.6,1
1641871,Duop Reath,1610612757,POR,68,17,51,0.25,17.9,3.4,7.3,0.461,1.3,3.6,0.359,1.0,1.4,0.742,1.4,2.3,3.7,1.0,0.8,0.5,0.6,9.1,-2.8,1
203939,Dwight Powell,1610612742,DAL,63,38,25,0.603,13.3,1.1,1.7,0.679,0.0,0.0,0.333,1.0,1.4,0.708,1.5,1.9,3.4,1.3,0.5,0.4,0.3,3.3,0.0,1
1629685,Dylan Windler,1610612737,ATL,17,9,8,0.529,6.4,0.9,1.8,0.5,0.8,1.6,0.481,0.0,0.0,0.0,0.2,0.8,0.9,0.6,0.1,0.1,0.0,2.5,-0.9,3
1630700,Dyson Daniels,1610612740,NOP,61,34,27,0.557,22.3,2.3,5.1,0.447,0.7,2.2,0.311,0.6,0.9,0.642,1.0,2.9,3.9,2.7,1.0,1.4,0.4,5.8,1.2,1
1630604,E.J. Liddell,1610612740,NOP,8,3,5,0.375,2.9,0.1,0.8,0.167,0.0,0.6,0.0,0.3,0.3,1.0,0.0,0.6,0.6,0.1,0.3,0.3,0.3,0.5,-0.5,1
1641734,Emoni Bates,1610612739,CLE,15,8,7,0.533,8.9,1.0,3.3,0.306,0.7,2.2,0.303,0.1,0.3,0.25,0.1,0.9,0.9,0.7,0.5,0.1,0.1,2.7,-5.6,1
201569,Eric Gordon,1610612756,PHX,68,41,27,0.603,27.8,4.0,9.1,0.443,2.2,5.8,0.378,0.8,0.9,0.797,0.2,1.6,1.8,2.0,1.1,1.0,0.4,11.0,1.9,1
1630647,Eugene Omoruyi,1610612764,WAS,43,5,38,0.116,9.1,1.9,3.9,0.485,0.3,1.1,0.283,0.7,1.1,0.653,0.8,1.2,2.0,0.8,0.5,0.6,0.1,4.8,-3.2,1
203095,Evan Fournier,1610612765,DET,32,8,24,0.25,18.1,2.5,6.9,0.357,1.0,4.1,0.254,0.9,1.1,0.806,0.2,1.7,1.8,1.5,0.7,0.9,0.2,6.9,-4.4,2
1630596,Evan Mobley,1610612739,CLE,50,29,21,0.58,30.6,6.4,11.0,0.58,0.4,1.2,0.373,2.5,3.4,0.719,2.2,7.1,9.4,3.2,1.8,0.9,1.4,15.7,0.7,1
1630196,Filip Petrusev,1610612755,PHI,3,2,1,0.667,3.1,0.3,0.7,0.5,0.0,0.0,0.0,0.3,0.7,0.5,0.0,0.3,0.3,0.0,0.0,0.0,0.0,1.0,2.0,2
1628373,Frank Ntilikina,1610612766,CHA,5,0,5,0.0,8.6,0.2,1.8,0.111,0.2,1.6,0.125,0.4,0.4,1.0,0.2,1.0,1.2,0.8,0.2,0.0,0.0,1.0,-0.2,1
1630532,Franz Wagner,1610612753,ORL,72,44,28,0.611,32.5,7.3,15.2,0.482,1.3,4.6,0.281,3.8,4.4,0.85,1.0,4.3,5.3,3.7,1.9,1.1,0.4,19.7,2.8,1
1627832,Fred VanVleet,1610612745,HOU,73,38,35,0.521,36.8,5.8,13.9,0.416,3.1,8.0,0.387,2.7,3.1,0.86,0.5,3.4,3.8,8.1,1.7,1.4,0.8,17.4,2.5,1
1627788,Furkan Korkmaz,1610612755,PHI,35,22,13,0.629,8.6,0.9,2.2,0.395,0.4,1.1,0.35,0.4,0.6,0.7,0.1,0.7,0.9,0.7,0.3,0.4,0.1,2.5,1.3,1
1641713,GG Jackson,1610612763,MEM,48,14,34,0.292,25.7,5.0,11.7,0.428,2.1,6.0,0.357,2.4,3.2,0.752,1.1,3.0,4.1,1.2,1.4,0.6,0.5,14.6,-4.0,1
1629216,Gabe Vincent,1610612747,LAL,11,7,4,0.636,19.8,1.4,4.5,0.306,0.3,2.5,0.107,0.1,0.2,0.5,0.4,0.5,0.8,1.9,0.5,0.8,0.0,3.1,2.8,1
202066,Garrett Temple,1610612761,TOR,27,5,22,0.185,10.7,1.1,2.9,0.372,0.4,1.5,0.3,0.7,0.8,0.818,0.7,1.0,1.7,1.0,0.5,0.4,0.1,3.3,-2.9,1
1629726,Garrison Mathews,1610612737,ATL,66,29,37,0.439,15.0,1.6,3.4,0.456,1.3,2.9,0.44,0.5,0.6,0.81,0.3,1.1,1.4,0.6,0.3,0.3,0.1,4.9,-1.5,1
203914,Gary Harris,1610612753,ORL,54,35,19,0.648,24.0,2.4,5.5,0.441,1.4,3.8,0.371,0.6,0.8,0.756,0.4,1.2,1.7,1.6,0.6,0.9,0.3,6.9,1.7,1
1627780,Gary Payton II,1610612744,GSW,44,27,17,0.614,15.5,2.3,4.2,0.563,0.5,1.3,0.364,0.3,0.5,0.609,1.0,1.5,2.6,1.1,0.6,0.9,0.4,5.5,1.9,1
1629018,Gary Trent Jr.,1610612761,TOR,71,24,47,0.338,28.1,5.1,11.9,0.426,2.5,6.4,0.393,1.0,1.4,0.771,0.4,2.3,2.6,1.7,0.7,1.1,0.1,13.7,-2.7,1
1627777,Georges Niang,1610612739,CLE,82,48,34,0.585,22.3,3.5,7.7,0.449,1.8,4.8,0.376,0.6,0.7,0.85,0.3,3.1,3.4,1.2,0.9,0.4,0.2,9.4,0.4,1
203507,Giannis Antetokounmpo,1610612749,MIL,73,45,28,0.616,35.2,11.5,18.8,0.611,0.5,1.7,0.274,7.0,10.7,0.657,2.7,8.8,11.5,6.5,3.4,1.2,1.1,30.4,4.6,1
1629048,Goga Bitadze,1610612753,ORL,62,34,28,0.548,15.4,2.0,3.4,0.603,0.0,0.2,0.143,0.9,1.4,0.655,1.8,2.9,4.6,1.3,0.7,0.5,1.2,5.0,0.4,1
202330,Gordon Hayward,1610612760,OKC,51,25,26,0.49,24.4,3.7,7.9,0.464,0.7,1.8,0.411,1.7,2.4,0.742,0.7,2.8,3.5,3.1,1.3,0.8,0.3,9.8,-2.6,2
1641711,Gradey Dick,1610612761,TOR,60,18,42,0.3,21.1,3.2,7.4,0.425,1.5,4.0,0.365,0.7,0.9,0.863,0.5,1.8,2.2,1.1,0.8,0.6,0.0,8.5,-6.3,1
1629684,Grant Williams,1610612766,CHA,76,34,42,0.447,28.0,3.6,8.0,0.456,1.7,4.4,0.375,1.4,1.8,0.757,1.1,3.1,4.2,2.3,1.4,0.6,0.5,10.3,-3.2,2
1628960,Grayson Allen,1610612756,PHX,75,45,30,0.6,33.5,4.5,9.1,0.499,2.7,5.9,0.461,1.7,2.0,0.878,0.6,3.3,3.9,3.0,1.3,0.9,0.6,13.5,3.5,1
1630535,Greg Brown III,1610612742,DAL,6,3,3,0.5,6.6,0.8,1.8,0.455,0.2,0.5,0.333,0.7,1.5,0.444,0.5,1.0,1.5,0.7,0.7,0.0,0.7,2.5,-1.5,1
1630611,Gui Santos,1610612744,GSW,23,17,6,0.739,8.4,1.2,2.4,0.509,0.4,1.2,0.37,0.7,0.7,0.941,0.7,1.4,2.1,0.6,0.3,0.2,0.1,3.6,0.7,1
1628977,Hamidou Diallo,1610612764,WAS,2,1,1,0.5,2.4,0.5,1.0,0.5,0.0,0.0,0.0,0.0,0.0,0.0,1.0,0.0,1.0,0.5,0.5,1.0,0.0,1.0,2.0,1
203084,Harrison Barnes,1610612758,SAC,82,46,36,0.561,29.0,4.2,8.9,0.474,1.8,4.7,0.387,1.9,2.4,0.801,0.8,2.2,3.0,1.2,0.7,0.7,0.1,12.2,-1.0,1
1628385,Harry Giles III,1610612747,LAL,23,11,12,0.478,4.3,1.0,2.2,0.46,0.1,0.6,0.214,0.3,0.6,0.538,0.5,0.8,1.3,0.3,0.3,0.1,0.1,2.4,-1.8,2
1629312,Haywood Highsmith,1610612748,MIA,66,39,27,0.591,20.7,2.3,5.0,0.465,1.2,2.9,0.396,0.3,0.5,0.639,1.0,2.2,3.2,1.1,0.5,0.8,0.5,6.1,0.1,1
1630929,Henri Drell,1610612741,CHI,4,2,2,0.5,7.5,1.0,2.5,0.4,0.5,1.5,0.333,0.3,0.5,0.5,0.3,0.8,1.0,1.0,0.5,0.5,0.3,2.8,1.5,1
1630529,Herbert Jones,1610612740,NOP,76,46,30,0.605,30.5,3.9,7.7,0.498,1.5,3.6,0.418,1.8,2.1,0.867,1.0,2.6,3.6,2.6,1.2,1.4,0.8,11.0,3.0,1
1641816,Hunter Tyson,1610612743,DEN,18,14,4,0.778,2.7,0.4,1.1,0.4,0.2,0.8,0.286,0.0,0.0,0.0,0.1,0.4,0.5,0.1,0.1,0.1,0.0,1.1,0.4,1
1630641,Ibou Badji,1610612757,POR,22,5,17,0.227,10.3,0.6,1.0,0.636,0.0,0.0,0.0,0.3,0.5,0.5,0.9,1.4,2.3,0.6,0.7,0.1,0.9,1.5,-4.1,1
1630193,Immanuel Quickley,1610612761,TOR,68,28,40,0.412,29.2,5.7,13.1,0.434,2.5,6.4,0.395,3.1,3.6,0.853,0.3,3.6,3.8,4.9,1.5,0.7,0.1,17.0,-0.5,2
1630171,Isaac Okoro,1610612739,CLE,69,41,28,0.594,27.3,3.4,7.0,0.49,1.2,3.1,0.391,1.3,2.0,0.679,1.0,2.0,3.0,1.9,0.8,0.8,0.5,9.4,0.6,1
1628392,Isaiah Hartenstein,1610612752,NYK,75,47,28,0.627,25.3,3.1,4.9,0.644,0.0,0.0,0.333,1.5,2.1,0.707,3.3,5.1,8.3,2.5,1.2,1.2,1.1,7.8,5.4,1
1630543,Isaiah Jackson,1610612754,IND,60,37,23,0.617,12.8,2.6,3.9,0.665,0.0,0.1,0.0,1.2,1.7,0.716,1.6,2.4,4.0,0.8,0.7,0.6,1.0,6.4,0.5,1
1630198,Isaiah Joe,1610612760,OKC,78,54,24,0.692,18.5,2.8,6.2,0.458,1.9,4.5,0.416,0.6,0.7,0.865,0.4,1.9,2.3,1.3,0.6,0.6,0.3,8.2,4.5,1
1630587,Isaiah Livers,1610612765,DET,23,1,22,0.043,20.4,1.7,5.0,0.345,1.0,3.3,0.286,0.5,0.8,0.667,0.7,1.4,2.1,1.1,0.7,0.6,0.2,5.0,-8.7,1
1630600,Isaiah Mobley,1610612739,CLE,10,2,8,0.2,7.2,1.0,2.4,0.417,0.3,1.0,0.3,0.0,0.1,0.0,0.3,0.7,1.0,0.6,0.2,0.2,0.0,2.3,-3.0,1
1630191,Isaiah Stewart,1610612765,DET,46,9,37,0.196,30.9,4.0,8.3,0.487,1.5,3.8,0.383,1.4,1.8,0.753,1.6,5.0,6.6,1.6,1.4,0.4,0.8,10.9,-2.9,1
202738,Isaiah Thomas,1610612756,PHX,6,4,2,0.667,3.2,0.5,1.7,0.3,0.3,0.7,0.5,0.0,0.0,0.0,0.0,0.0,0.0,0.5,0.0,0.0,0.0,1.3,-2.3,1
1631209,Isaiah Wong,1610612754,IND,1,1,0,1.0,4.3,1.0,3.0,0.333,0.0,1.0,0.0,0.0,0.0,0.0,0.0,0.0,0.0,0.0,0.0,0.0,0.0,2.0,-5.0,1
202397,Ish Smith,1610612766,CHA,43,6,37,0.14,17.2,1.5,3.7,0.418,0.1,0.2,0.5,0.1,0.1,0.75,0.3,1.5,1.8,3.4,1.1,0.4,0.1,3.2,-6.5,1
1630688,Ish Wainright,1610612756,PHX,11,2,9,0.182,5.7,0.6,2.2,0.292,0.6,1.8,0.35,0.2,0.2,1.0,0.3,1.0,1.3,0.1,0.2,0.4,0.1,2.1,-0.4,2
1627826,Ivica Zubac,1610612746,LAC,68,42,26,0.618,26.4,5.0,7.6,0.649,0.0,0.0,0.0,1.8,2.4,0.723,2.9,6.3,9.2,1.4,1.2,0.3,1.2,11.7,2.7,1
1631167,Izaiah Brockington,1610612740,NOP,1,1,0,1.0,3.4,2.0,5.0,0.4,0.0,1.0,0.0,0.0,0.0,0.0,1.0,1.0,2.0,0.0,0.0,0.0,0.0,4.0,3.0,1
1631120,JD Davison,1610612738,BOS,8,8,0,1.0,4.9,0.6,1.5,0.417,0.4,0.9,0.429,0.4,0.5,0.75,0.3,1.0,1.3,1.3,0.3,0.1,0.1,2.0,2.9,1
1630550,JT Thor,1610612766,CHA,63,16,47,0.254,12.4,1.3,2.9,0.437,0.4,1.3,0.346,0.2,0.3,0.55,0.7,1.6,2.3,0.5,0.2,0.2,0.4,3.2,-0.8,1
1629630,Ja Morant,1610612763,MEM,9,6,3,0.667,35.3,8.9,18.9,0.471,1.6,5.7,0.275,5.8,7.1,0.813,0.7,4.9,5.6,8.1,3.0,0.8,0.6,25.1,1.2,1
201580,JaVale McGee,1610612758,SAC,46,28,18,0.609,7.4,1.7,2.9,0.598,0.0,0.2,0.143,0.6,1.0,0.578,0.9,1.8,2.7,0.4,0.7,0.3,0.4,4.0,0.2,1
1631095,Jabari Smith Jr.,1610612745,HOU,76,39,37,0.513,31.9,5.0,11.0,0.454,1.8,5.0,0.363,2.0,2.4,0.811,1.8,6.3,8.1,1.6,1.2,0.7,0.8,13.7,-1.1,1
1631133,Jabari Walker,1610612757,POR,72,18,54,0.25,23.6,3.3,7.1,0.46,0.6,1.9,0.295,1.8,2.4,0.754,2.1,5.0,7.1,1.0,0.9,0.6,0.3,8.9,-4.7,1
1631298,Jack White,1610612760,OKC,4,0,4,0.0,15.9,0.5,4.0,0.125,0.5,2.5,0.2,0.0,0.0,0.0,1.0,2.0,3.0,0.3,0.5,1.0,0.3,1.5,-7.0,1
1631367,Jacob Gilyard,1610612751,BKN,41,12,29,0.293,17.0,1.5,3.7,0.4,1.2,3.1,0.405,0.0,0.0,1.0,0.2,0.9,1.1,3.3,0.7,0.8,0.1,4.2,-4.2,2
1631210,Jacob Toppin,1610612752,NYK,9,2,7,0.222,4.2,0.6,1.0,0.556,0.1,0.4,0.25,0.2,0.2,1.0,0.3,0.4,0.8,0.3,0.1,0.0,0.1,1.4,-1.8,1
1630702,Jaden Hardy,1610612742,DAL,73,44,29,0.603,13.6,2.7,6.6,0.407,1.1,3.1,0.362,0.8,1.0,0.776,0.3,1.5,1.8,1.5,0.8,0.3,0.1,7.3,-1.7,1
1631093,Jaden Ivey,1610612765,DET,77,14,63,0.182,28.8,5.4,12.6,0.429,1.6,4.8,0.336,2.9,3.9,0.749,1.1,2.3,3.4,3.8,2.5,0.7,0.5,15.4,-4.5,1
1630183,Jaden McDaniels,1610612750,MIN,72,48,24,0.667,29.2,4.3,8.7,0.489,1.2,3.5,0.337,0.8,1.1,0.722,0.8,2.3,3.1,1.4,1.2,0.9,0.6,10.5,2.2,1
1630531,Jaden Springer,1610612738,BOS,49,32,17,0.653,10.3,1.2,3.0,0.399,0.2,1.0,0.208,0.7,0.9,0.833,0.7,0.9,1.6,0.9,0.7,0.7,0.3,3.3,-0.6,2
203109,Jae Crowder,1610612749,MIL,50,25,25,0.5,23.1,2.3,5.4,0.422,1.2,3.3,0.349,0.5,0.7,0.722,0.6,2.6,3.2,1.3,0.5,0.8,0.2,6.2,-1.4,1
1630256,Jae'Sean Tate,1610612745,HOU,65,32,33,0.492,15.9,1.7,3.5,0.472,0.4,1.2,0.299,0.4,0.6,0.667,0.9,2.1,3.0,1.0,0.6,0.6,0.2,4.1,1.2,1
1630186,Jahmi'us Ramsey,1610612761,TOR,7,0,7,0.0,17.3,2.6,5.9,0.439,0.9,3.1,0.273,0.7,0.9,0.833,0.6,2.6,3.1,1.1,1.0,1.0,0.0,6.7,-4.0,1
1631170,Jaime Jaquez Jr.,1610612748,MIA,75,44,31,0.587,28.2,4.5,9.3,0.489,0.9,2.7,0.322,1.9,2.3,0.811,1.1,2.7,3.8,2.6,1.5,1.0,0.3,11.9,1.4,1
1631222,Jake LaRavia,1610612763,MEM,35,8,27,0.229,23.0,3.4,8.7,0.389,1.5,4.5,0.34,2.6,3.1,0.826,1.5,2.2,3.7,1.7,1.3,0.8,0.3,10.8,-3.3,1
1627751,Jakob Poeltl,1610612761,TOR,50,21,29,0.42,26.4,5.0,7.6,0.656,0.0,0.0,0.0,1.2,2.1,0.551,2.9,5.7,8.6,2.5,1.5,0.7,1.5,11.1,-0.3,1
1628973,Jalen Brunson,1610612752,NYK,77,49,28,0.636,35.4,10.3,21.4,0.479,2.7,6.8,0.401,5.5,6.5,0.847,0.6,3.1,3.6,6.7,2.4,0.9,0.2,28.7,6.6,1
1630622,Jalen Crutcher,1610612740,NOP,1,1,0,1.0,2.7,0.0,1.0,0.0,0.0,0.0,0.0,0.0,0.0,0.0,0.0,0.0,0.0,0.0,0.0,0.0,0.0,0.0,1.0,1
1631105,Jalen Duren,1610612765,DET,61,13,48,0.213,29.1,5.7,9.2,0.619,0.0,0.1,0.0,2.3,3.0,0.79,3.1,8.5,11.6,2.4,2.1,0.5,0.8,13.8,-5.1,1
1630224,Jalen Green,1610612745,HOU,82,41,41,0.5,31.7,6.9,16.2,0.423,2.5,7.4,0.332,3.5,4.3,0.804,0.5,4.7,5.2,3.5,2.3,0.8,0.3,19.6,0.4,1
1641720,Jalen Hood-Schifino,1610612747,LAL,21,10,11,0.476,5.2,0.5,2.1,0.222,0.1,0.7,0.133,0.6,1.0,0.6,0.1,0.5,0.6,0.4,0.4,0.1,0.1,1.6,-2.6,1
1630552,Jalen Johnson,1610612737,ATL,56,27,29,0.482,33.7,6.4,12.5,0.511,1.3,3.6,0.355,1.9,2.6,0.728,1.3,7.4,8.7,3.6,1.8,1.2,0.8,16.0,-1.4,1
1629667,Jalen McDaniels,1610612761,TOR,50,12,38,0.24,10.8,1.3,3.8,0.344,0.2,1.4,0.169,0.5,0.7,0.73,0.4,1.2,1.6,0.7,0.6,0.4,0.1,3.4,-3.2,1
1629618,Jalen Pickett,1610612743,DEN,27,20,7,0.741,4.5,0.6,1.3,0.429,0.3,0.9,0.36,0.1,0.1,0.75,0.0,0.5,0.5,0.8,0.3,0.1,0.0,1.6,0.0,1
1641771,Jalen Slawson,1610612758,SAC,12,8,4,0.667,3.1,0.3,0.5,0.667,0.0,0.2,0.0,0.0,0.0,0.0,0.1,0.5,0.6,0.2,0.2,0.1,0.1,0.7,-0.5,1
1630188,Jalen Smith,1610612754,IND,61,36,25,0.59,17.2,3.8,6.5,0.592,1.0,2.4,0.424,1.2,1.7,0.692,1.8,3.7,5.5,1.0,0.7,0.3,0.6,9.9,-0.2,1
1630591,Jalen Suggs,1610612753,ORL,75,43,32,0.573,27.0,4.5,9.5,0.471,2.0,5.1,0.397,1.6,2.1,0.756,0.6,2.4,3.1,2.7,1.8,1.4,0.6,12.6,0.6,1
1631114,Jalen Williams,1610612760,OKC,71,51,20,0.718,31.3,7.5,14.0,0.54,1.5,3.4,0.427,2.5,3.1,0.814,0.5,3.5,4.0,4.5,1.7,1.1,0.6,19.1,5.4,1
1630592,Jalen Wilson,1610612751,BKN,43,14,29,0.326,15.5,1.8,4.2,0.425,0.6,1.7,0.324,0.9,1.1,0.826,1.1,2.0,3.0,1.0,0.4,0.3,0.1,5.0,-0.1,1
1631288,Jamal Cain,1610612748,MIA,26,14,12,0.538,10.0,1.3,3.0,0.43,0.4,1.2,0.355,0.7,0.9,0.783,0.6,0.8,1.4,0.4,0.3,0.4,0.2,3.7,-1.0,1
1627750,Jamal Murray,1610612743,DEN,59,44,15,0.746,31.5,8.0,16.7,0.481,2.5,5.8,0.425,2.7,3.1,0.853,0.7,3.4,4.1,6.5,2.1,1.0,0.7,21.2,5.3,1
1631123,Jamaree Bouyea,1610612759,SAS,9,2,7,0.222,10.5,1.1,3.1,0.357,0.1,1.0,0.111,0.0,0.0,0.0,0.3,1.8,2.1,1.2,1.0,0.1,0.0,2.3,-1.7,2
1630547,James Bouknight,1610612766,CHA,14,0,14,0.0,5.8,1.3,2.9,0.439,0.9,2.1,0.433,0.1,0.1,0.5,0.1,0.6,0.6,0.4,0.1,0.1,0.1,3.6,-0.8,1
201935,James Harden,1610612746,LAC,72,46,26,0.639,34.3,4.9,11.4,0.428,2.6,6.8,0.381,4.2,4.8,0.878,0.5,4.7,5.1,8.5,2.6,1.1,0.8,16.6,4.0,1
201949,James Johnson,1610612754,IND,9,4,5,0.444,5.2,0.3,1.1,0.3,0.0,0.2,0.0,0.2,0.2,1.0,0.1,0.3,0.4,0.9,0.6,0.6,0.1,0.9,0.6,1
1630164,James Wiseman,1610612765,DET,63,9,54,0.143,17.3,3.0,4.8,0.613,0.0,0.0,0.0,1.1,1.6,0.706,1.7,3.6,5.3,0.9,1.0,0.2,0.6,7.1,-5.2,1
1641716,Jarace Walker,1610612754,IND,33,18,15,0.545,10.3,1.4,3.3,0.409,0.7,1.7,0.4,0.2,0.3,0.889,0.4,1.5,1.9,1.2,0.5,0.5,0.3,3.6,0.6,1
1630215,Jared Butler,1610612764,WAS,40,6,34,0.15,14.1,2.5,5.0,0.488,0.6,2.0,0.308,0.8,0.9,0.861,0.2,1.2,1.5,3.2,1.3,0.7,0.2,6.3,-1.2,1
1631197,Jared Rhoden,1610612765,DET,17,2,15,0.118,14.4,1.9,3.9,0.5,0.7,1.8,0.387,0.3,0.5,0.625,0.2,1.8,1.9,0.8,0.4,0.2,0.8,4.9,-2.3,1
1628991,Jaren Jackson Jr.,1610612763,MEM,66,22,44,0.333,32.2,7.8,17.6,0.444,1.8,5.5,0.32,5.1,6.3,0.808,1.3,4.2,5.5,2.3,2.4,1.2,1.6,22.5,-5.2,1
1629020,Jarred Vanderbilt,1610612747,LAL,29,14,15,0.483,20.0,2.0,3.9,0.518,0.3,0.9,0.296,0.8,1.2,0.667,1.4,3.3,4.8,1.2,1.0,1.2,0.2,5.2,1.5,1
1628386,Jarrett Allen,1610612739,CLE,77,46,31,0.597,31.7,6.7,10.6,0.634,0.0,0.1,0.0,3.0,4.1,0.742,3.2,7.4,10.5,2.7,1.6,0.7,1.1,16.5,2.6,1
1630554,Jason Preston,1610612762,UTA,7,2,5,0.286,10.2,0.9,2.7,0.316,0.0,0.4,0.0,0.0,0.0,0.0,0.9,1.6,2.4,2.3,0.3,0.3,0.1,1.7,3.3,1
1631241,Javon Freeman-Liberty,1610612761,TOR,22,3,19,0.136,18.3,2.5,5.6,0.444,0.5,1.9,0.238,1.5,1.6,0.917,0.7,2.5,3.2,1.8,1.1,0.5,0.2,7.0,-7.2,1
1629750,Javonte Green,1610612741,CHI,9,5,4,0.556,25.6,5.0,8.3,0.6,1.1,3.0,0.37,1.1,1.4,0.769,2.2,5.2,7.4,0.6,0.8,1.1,0.9,12.2,3.1,1
1630606,Javonte Smart,1610612755,PHI,1,1,0,1.0,0.7,0.0,0.0,0.0,0.0,0.0,0.0,0.0,0.0,0.0,0.0,0.0,0.0,0.0,0.0,0.0,0.0,0.0,-3.0,1
1629637,Jaxson Hayes,1610612747,LAL,70,41,29,0.586,12.5,1.8,2.5,0.72,0.0,0.1,0.0,0.7,1.2,0.622,1.0,2.0,3.0,0.5,0.6,0.5,0.4,4.3,-1.5,1
1630643,Jay Huff,1610612743,DEN,20,16,4,0.8,2.5,0.5,0.8,0.6,0.2,0.5,0.333,0.1,0.1,1.0,0.1,0.5,0.6,0.1,0.1,0.1,0.2,1.2,-0.5,1
1627759,Jaylen Brown,1610612738,BOS,70,52,18,0.743,33.5,9.0,17.9,0.499,2.1,5.9,0.354,3.0,4.3,0.703,1.2,4.3,5.5,3.6,2.4,1.2,0.5,23.0,5.9,1
1629669,Jaylen Nowell,1610612758,SAC,13,3,10,0.231,16.4,2.6,6.0,0.436,0.5,2.2,0.207,0.5,0.7,0.778,0.5,1.4,1.8,1.5,0.5,0.3,0.2,6.2,-2.5,2
1631119,Jaylin Williams,1610612760,OKC,69,48,21,0.696,13.0,1.4,3.3,0.417,0.8,2.1,0.368,0.5,0.6,0.805,0.5,2.9,3.4,1.6,0.5,0.4,0.4,4.0,1.8,1
1628369,Jayson Tatum,1610612738,BOS,74,57,17,0.77,35.7,9.1,19.3,0.471,3.1,8.2,0.376,5.6,6.7,0.833,0.9,7.2,8.1,4.9,2.5,1.0,0.6,26.9,8.2,1
1630288,Jeff Dowtin Jr.,1610612755,PHI,12,7,5,0.583,11.8,1.7,3.0,0.556,0.8,1.6,0.474,0.3,0.3,0.75,0.3,1.4,1.7,2.3,0.4,0.6,0.1,4.3,1.8,1
201145,Jeff Green,1610612745,HOU,78,39,39,0.5,16.8,2.1,4.7,0.456,0.7,2.1,0.331,1.6,1.9,0.819,0.6,1.7,2.3,0.9,0.6,0.2,0.4,6.5,-1.0,1
203924,Jerami Grant,1610612757,POR,54,17,37,0.315,33.9,7.1,15.7,0.451,2.1,5.1,0.402,4.7,5.8,0.817,0.7,2.9,3.5,2.8,2.1,0.8,0.6,21.0,-6.5,1
1630526,Jeremiah Robinson-Earl,1610612740,NOP,39,22,17,0.564,8.6,1.2,2.4,0.474,0.3,1.0,0.333,0.3,0.4,0.75,0.6,1.4,1.9,0.5,0.4,0.3,0.1,2.9,-0.6,1
1631110,Jeremy Sochan,1610612759,SAS,74,18,56,0.243,29.6,4.6,10.5,0.438,0.9,3.1,0.308,1.5,1.9,0.771,1.9,4.6,6.4,3.4,1.9,0.8,0.5,11.6,-4.6,1
1630579,Jericho Sims,1610612752,NYK,45,30,15,0.667,13.0,0.8,1.2,0.691,0.0,0.0,0.0,0.4,0.5,0.667,1.2,2.0,3.3,0.6,0.4,0.2,0.4,2.0,-0.2,1
1631257,Jermaine Samuels Jr.,1610612745,HOU,14,8,6,0.571,4.3,0.6,1.0,0.643,0.0,0.1,0.0,0.1,0.1,1.0,0.2,0.7,0.9,0.2,0.0,0.1,0.1,1.4,-0.9,1
1629010,Jerome Robinson,1610612744,GSW,22,17,5,0.773,3.7,0.5,1.5,0.333,0.1,0.8,0.118,0.3,0.5,0.636,0.0,0.2,0.3,0.2,0.1,0.0,0.1,1.4,1.2,1
1641724,Jett Howard,1610612753,ORL,18,9,9,0.5,3.7,0.6,1.7,0.333,0.4,1.4,0.28,0.1,0.2,0.5,0.1,0.3,0.4,0.3,0.2,0.1,0.1,1.6,0.2,1
1628975,Jevon Carter,1610612741,CHI,72,35,37,0.486,13.9,1.9,5.1,0.378,1.1,3.3,0.329,0.1,0.1,0.571,0.2,0.7,0.8,1.3,0.5,0.5,0.2,5.0,0.4,1
202710,Jimmy Butler III,1610612748,MIA,60,33,27,0.55,34.0,6.6,13.2,0.499,1.0,2.4,0.414,6.6,7.7,0.858,1.8,3.6,5.3,5.0,1.7,1.3,0.3,20.8,3.6,1
1629111,Jock Landale,1610612745,HOU,56,28,28,0.5,13.6,1.9,3.7,0.515,0.2,0.7,0.25,0.9,1.2,0.8,1.6,1.5,3.1,1.2,0.6,0.4,0.6,4.9,2.9,1
203925,Joe Harris,1610612765,DET,16,4,12,0.25,10.6,0.9,2.4,0.359,0.6,1.9,0.333,0.1,0.1,0.5,0.2,0.6,0.8,0.6,0.3,0.2,0.1,2.4,-3.0,1
204060,Joe Ingles,1610612753,ORL,68,42,26,0.618,17.2,1.5,3.3,0.436,1.0,2.4,0.435,0.4,0.5,0.824,0.3,1.8,2.1,3.0,1.0,0.6,0.1,4.4,2.4,1
203954,Joel Embiid,1610612755,PHI,39,31,8,0.795,33.6,11.5,21.8,0.529,1.4,3.6,0.388,10.2,11.6,0.883,2.4,8.6,11.0,5.6,3.8,1.2,1.7,34.7,6.8,1
1628381,John Collins,1610612762,UTA,68,27,41,0.397,28.0,5.8,11.0,0.532,1.3,3.4,0.371,2.2,2.7,0.795,2.3,6.1,8.5,1.1,1.4,0.6,0.9,15.1,-4.5,1
1629723,John Konchar,1610612763,MEM,55,18,37,0.327,21.3,1.6,3.8,0.423,0.7,2.2,0.317,0.4,0.5,0.84,1.3,3.4,4.7,2.0,0.8,0.9,0.9,4.3,-2.7,1
1631098,Johnny Davis,1610612764,WAS,50,8,42,0.16,12.3,1.2,3.1,0.403,0.3,0.8,0.35,0.3,0.5,0.583,0.4,1.1,1.4,0.6,0.3,0.4,0.2,3.0,-3.0,1
1630548,Johnny Juzang,1610612762,UTA,20,5,15,0.25,18.6,2.6,5.5,0.464,1.6,3.9,0.416,0.5,0.7,0.714,0.4,1.5,1.8,1.2,0.7,0.2,0.1,7.2,-0.4,1
202685,Jonas Valančiūnas,1610612740,NOP,82,49,33,0.598,23.5,4.9,8.8,0.559,0.5,1.5,0.308,2.0,2.5,0.785,2.3,6.5,8.8,2.1,1.4,0.4,0.8,12.2,1.9,1
1628371,Jonathan Isaac,1610612753,ORL,58,35,23,0.603,15.8,2.5,4.9,0.51,0.7,1.9,0.375,1.0,1.4,0.72,1.3,3.2,4.5,0.5,0.5,0.7,1.2,6.8,3.1,1
1630228,Jonathan Kuminga,1610612744,GSW,74,40,34,0.541,26.3,6.2,11.6,0.529,0.7,2.2,0.321,3.0,4.0,0.746,1.2,3.6,4.8,2.2,1.6,0.7,0.5,16.1,1.7,1
1629007,Jontay Porter,1610612765,DET,26,6,20,0.231,13.8,1.5,4.0,0.385,0.8,2.3,0.333,0.6,0.7,0.833,1.0,2.2,3.2,2.3,0.8,0.8,0.8,4.4,-2.8,1
203903,Jordan Clarkson,1610612762,UTA,55,22,33,0.4,30.6,6.1,14.8,0.413,1.7,5.6,0.294,3.2,3.7,0.881,0.9,2.5,3.4,5.0,2.7,0.6,0.1,17.1,-3.5,1
1630259,Jordan Ford,1610612758,SAC,6,2,4,0.333,3.6,0.7,1.2,0.571,0.3,0.5,0.667,0.3,0.3,1.0,0.0,0.3,0.3,0.3,0.2,0.0,0.0,2.0,2.3,1
1630692,Jordan Goodwin,1610612763,MEM,57,30,27,0.526,18.5,2.5,6.7,0.369,0.7,2.5,0.298,0.8,1.0,0.746,1.5,2.9,4.4,2.7,1.0,0.8,0.3,6.5,-1.6,2
1641722,Jordan Hawkins,1610612740,NOP,67,38,29,0.567,17.3,2.6,6.8,0.382,1.6,4.4,0.366,1.0,1.2,0.838,0.4,1.8,2.2,1.0,0.6,0.3,0.1,7.8,0.2,1
1629162,Jordan McLaughlin,1610612750,MIN,56,35,21,0.625,11.2,1.3,2.6,0.483,0.8,1.6,0.472,0.2,0.3,0.722,0.3,1.0,1.3,2.0,0.3,0.6,0.1,3.5,2.8,1
1641757,Jordan Miller,1610612746,LAC,8,5,3,0.625,3.5,0.6,1.1,0.556,0.1,0.3,0.5,0.3,0.3,1.0,0.4,0.3,0.6,0.0,0.1,0.0,0.0,1.6,-1.6,1
1629670,Jordan Nwora,1610612761,TOR,52,14,38,0.269,13.7,2.7,5.8,0.462,0.8,2.5,0.336,0.8,1.0,0.83,0.5,2.3,2.9,1.2,1.0,0.5,0.3,7.0,-3.8,2
1629673,Jordan Poole,1610612764,WAS,78,15,63,0.192,30.1,6.3,15.2,0.413,2.4,7.2,0.326,2.5,2.8,0.877,0.4,2.3,2.7,4.4,2.4,1.1,0.3,17.4,-7.1,1
1641775,Jordan Walsh,1610612738,BOS,9,9,0,1.0,9.3,0.7,1.7,0.4,0.2,1.0,0.222,0.1,0.2,0.5,0.6,1.7,2.2,0.6,0.3,0.6,0.1,1.7,5.2,1
1630631,Jose Alvarado,1610612740,NOP,56,38,18,0.679,18.4,2.5,6.2,0.412,1.4,3.7,0.377,0.6,0.9,0.673,0.4,1.8,2.3,2.1,0.7,1.1,0.3,7.1,4.3,1
1630581,Josh Giddey,1610612760,OKC,80,56,24,0.7,25.1,5.0,10.6,0.475,1.0,3.0,0.337,1.3,1.6,0.806,1.4,5.0,6.4,4.8,2.1,0.7,0.6,12.3,4.7,1
1630182,Josh Green,1610612742,DAL,57,32,25,0.561,26.4,3.1,6.6,0.479,1.3,3.3,0.385,0.7,1.0,0.684,0.7,2.5,3.2,2.3,1.1,0.8,0.2,8.2,-1.8,1
1628404,Josh Hart,1610612752,NYK,81,49,32,0.605,33.4,3.6,8.4,0.434,1.0,3.2,0.31,1.1,1.4,0.791,1.6,6.8,8.3,4.1,1.5,0.9,0.3,9.4,4.3,1
1631169,Josh Minott,1610612750,MIN,32,23,9,0.719,2.9,0.5,1.1,0.472,0.1,0.3,0.4,0.4,0.4,0.857,0.1,0.4,0.5,0.3,0.1,0.2,0.2,1.6,0.6,1
1629006,Josh Okogie,1610612756,PHX,60,37,23,0.617,16.0,1.4,3.4,0.417,0.5,1.6,0.309,1.3,1.7,0.745,1.2,1.3,2.6,1.1,0.6,0.8,0.4,4.6,0.1,1
1626196,Josh Richardson,1610612748,MIA,43,24,19,0.558,25.6,3.6,8.1,0.444,1.5,4.4,0.347,1.2,1.3,0.944,0.4,2.4,2.8,2.4,0.8,0.6,0.3,9.9,-2.5,1
1630563,Joshua Primo,1610612746,LAC,2,2,0,1.0,5.1,0.5,1.5,0.333,0.0,0.5,0.0,0.0,0.0,0.0,0.5,0.0,0.5,0.0,2.0,0.0,0.5,1.0,-0.5,1
201950,Jrue Holiday,1610612738,BOS,69,53,16,0.768,32.8,4.8,10.0,0.48,2.0,4.7,0.429,0.9,1.0,0.833,1.2,4.2,5.4,4.8,1.8,0.9,0.8,12.5,6.2,1
1629308,Juan Toscano-Anderson,1610612758,SAC,11,7,4,0.636,4.8,0.3,1.1,0.25,0.1,0.4,0.25,0.0,0.0,0.0,0.4,0.9,1.3,0.4,0.2,0.1,0.1,0.6,-0.8,1
1631262,Jules Bernard,1610612764,WAS,19,2,17,0.105,7.9,1.5,3.4,0.453,0.6,1.5,0.379,0.3,0.5,0.556,0.5,0.8,1.4,0.8,0.4,0.2,0.1,3.9,1.4,1
1630577,Julian Champagnie,1610612759,SAS,74,19,55,0.257,19.8,2.2,5.4,0.408,1.4,3.7,0.365,1.0,1.2,0.815,0.6,2.2,2.8,1.4,0.8,0.6,0.6,6.8,-1.9,1
1641763,Julian Phillips,1610612741,CHI,40,20,20,0.5,8.1,0.8,1.9,0.416,0.3,1.0,0.316,0.3,0.5,0.684,0.3,0.6,0.9,0.3,0.3,0.2,0.2,2.2,-0.1,1
1631124,Julian Strawther,1610612743,DEN,50,34,16,0.68,10.9,1.6,4.4,0.369,0.8,2.8,0.297,0.4,0.6,0.71,0.1,1.1,1.2,0.9,0.5,0.3,0.1,4.5,-2.1,1
203944,Julius Randle,1610612752,NYK,46,29,17,0.63,35.4,8.6,18.2,0.472,1.7,5.3,0.311,5.1,6.6,0.781,2.2,7.0,9.2,5.0,3.5,0.5,0.3,24.0,4.7,1
1630551,Justin Champagnie,1610612764,WAS,15,3,12,0.2,15.7,2.1,5.2,0.41,0.9,3.0,0.289,0.8,1.0,0.8,1.3,2.3,3.5,1.3,0.7,0.7,0.6,5.9,-3.9,1
203200,Justin Holiday,1610612743,DEN,58,38,20,0.655,14.9,1.5,3.3,0.454,0.9,2.3,0.404,0.1,0.1,0.75,0.2,1.1,1.2,1.2,0.2,0.6,0.2,4.0,0.9,1
1628382,Justin Jackson,1610612750,MIN,2,2,0,1.0,0.4,0.0,0.0,0.0,0.0,0.0,0.0,0.0,0.0,0.0,0.0,0.0,0.0,0.0,0.0,0.0,0.0,0.0,0.0,1
1631303,Justin Minaya,1610612757,POR,34,3,31,0.088,11.2,0.6,2.2,0.297,0.4,1.4,0.245,0.1,0.3,0.556,0.9,0.8,1.6,0.6,0.3,0.3,0.3,1.8,-2.4,1
203994,Jusuf Nurkić,1610612756,PHX,76,48,28,0.632,27.3,4.2,8.3,0.51,0.3,1.2,0.244,2.2,3.4,0.64,2.9,8.1,11.0,4.0,2.3,1.1,1.1,10.9,5.3,1
1630231,KJ Martin,1610612755,PHI,60,33,27,0.55,12.4,1.6,3.0,0.536,0.1,0.5,0.286,0.4,0.7,0.537,0.7,1.5,2.2,0.9,0.5,0.4,0.2,3.7,-0.1,2
1629232,Kaiser Gates,1610612740,NOP,1,0,1,0.0,7.4,0.0,4.0,0.0,0.0,2.0,0.0,0.0,0.0,0.0,0.0,1.0,1.0,0.0,0.0,0.0,0.0,0.0,-2.0,1
1626157,Karl-Anthony Towns,1610612750,MIN,62,42,20,0.677,32.7,7.7,15.3,0.504,2.2,5.3,0.416,4.1,4.7,0.873,1.5,6.8,8.3,3.0,2.9,0.7,0.7,21.8,5.2,1
202695,Kawhi Leonard,1610612746,LAC,68,44,24,0.647,34.3,9.0,17.1,0.525,2.1,4.9,0.417,3.7,4.2,0.885,1.2,4.9,6.1,3.6,1.8,1.6,0.9,23.7,5.8,1
1631099,Keegan Murray,1610612758,SAC,77,43,34,0.558,33.6,5.8,12.7,0.454,2.4,6.6,0.358,1.3,1.6,0.831,1.4,4.1,5.5,1.7,0.8,1.0,0.8,15.2,1.8,1
1628966,Keita Bates-Diop,1610612751,BKN,53,29,24,0.547,12.5,1.4,3.1,0.434,0.4,1.3,0.304,0.6,0.8,0.762,0.6,1.5,2.1,0.7,0.3,0.5,0.4,3.7,-1.0,2
1629640,Keldon Johnson,1610612759,SAS,69,17,52,0.246,29.5,5.7,12.5,0.454,1.8,5.3,0.346,2.5,3.2,0.792,1.4,4.1,5.5,2.8,1.4,0.7,0.3,15.7,-5.0,1
203482,Kelly Olynyk,1610612761,TOR,78,31,47,0.397,22.5,3.5,6.4,0.555,0.8,2.0,0.387,1.9,2.3,0.833,1.4,3.9,5.3,4.4,1.9,0.9,0.4,9.8,-3.4,2
1626162,Kelly Oubre Jr.,1610612755,PHI,68,40,28,0.588,30.2,5.7,12.9,0.441,1.5,4.8,0.311,2.6,3.4,0.75,1.4,3.6,5.0,1.5,1.3,1.1,0.7,15.4,-0.4,1
1631112,Kendall Brown,1610612754,IND,15,10,5,0.667,4.2,0.5,1.0,0.533,0.0,0.1,0.0,0.3,0.5,0.625,0.2,0.1,0.3,0.3,0.1,0.0,0.0,1.4,-1.6,1
1631254,Kenneth Lofton Jr.,1610612762,UTA,21,7,14,0.333,9.4,1.7,3.7,0.462,0.3,1.1,0.292,0.8,1.2,0.654,0.6,1.2,1.8,1.6,0.7,0.3,0.2,4.6,-0.5,3
1629026,Kenrich Williams,1610612760,OKC,69,49,20,0.71,14.9,1.9,4.1,0.468,0.8,2.0,0.397,0.1,0.2,0.5,0.9,2.1,3.0,1.3,0.5,0.6,0.1,4.7,2.2,1
203484,Kentavious Caldwell-Pope,1610612743,DEN,76,54,22,0.711,31.6,3.6,7.7,0.46,1.6,4.1,0.406,1.3,1.5,0.894,0.4,2.0,2.4,2.4,1.0,1.3,0.6,10.1,7.5,1
1631165,Keon Ellis,1610612758,SAC,57,33,24,0.579,17.2,1.9,4.1,0.461,1.2,2.9,0.417,0.5,0.6,0.743,0.6,1.6,2.2,1.5,0.6,0.9,0.5,5.4,1.6,1
1630553,Keon Johnson,1610612751,BKN,5,0,5,0.0,12.3,1.6,4.2,0.381,0.8,2.0,0.4,2.2,2.4,0.917,0.6,0.8,1.4,0.6,1.0,0.6,0.2,6.2,-5.0,1
1630556,Kessler Edwards,1610612758,SAC,54,32,22,0.593,5.1,0.6,1.5,0.415,0.4,1.0,0.385,0.1,0.2,0.556,0.2,0.6,0.8,0.3,0.1,0.2,0.1,1.7,-0.8,1
201142,Kevin Durant,1610612756,PHX,75,44,31,0.587,37.2,10.0,19.1,0.523,2.2,5.4,0.413,4.8,5.6,0.856,0.5,6.1,6.6,5.0,3.3,0.9,1.2,27.1,3.9,1
1628989,Kevin Huerter,1610612758,SAC,64,37,27,0.578,24.4,3.9,8.8,0.443,1.9,5.3,0.361,0.6,0.7,0.766,0.6,2.9,3.5,2.6,0.8,0.7,0.4,10.2,1.2,1
1628995,Kevin Knox II,1610612757,POR,31,4,27,0.129,18.1,2.8,6.0,0.462,1.0,3.0,0.33,0.6,0.7,0.909,0.6,1.8,2.4,0.7,0.7,0.4,0.2,7.2,-2.7,1
201567,Kevin Love,1610612748,MIA,55,31,24,0.564,16.8,2.9,6.5,0.44,1.5,4.4,0.344,1.5,2.0,0.787,1.1,5.1,6.1,2.1,0.9,0.3,0.2,8.8,2.0,1
1630284,Kevon Harris,1610612753,ORL,2,1,1,0.5,3.0,1.0,1.5,0.667,0.0,0.0,0.0,0.0,0.0,0.0,0.0,1.0,1.0,0.5,0.5,0.0,0.0,2.0,0.0,1
1626172,Kevon Looney,1610612744,GSW,74,43,31,0.581,16.1,1.9,3.1,0.597,0.0,0.0,0.0,0.8,1.1,0.675,1.9,3.7,5.7,1.8,0.7,0.4,0.4,4.5,0.5,1
1641749,Keyontae Johnson,1610612760,OKC,9,7,2,0.778,7.4,0.6,1.8,0.313,0.1,0.3,0.333,0.0,0.0,0.0,0.4,0.7,1.1,0.4,0.4,0.1,0.0,1.2,-0.8,1
1641718,Keyonte George,1610612762,UTA,75,27,48,0.36,27.0,4.3,10.9,0.391,2.0,5.9,0.334,2.5,3.0,0.848,0.2,2.6,2.8,4.4,2.5,0.5,0.1,13.0,-5.0,1
203114,Khris Middleton,1610612749,MIL,55,31,24,0.564,27.0,5.8,11.7,0.493,1.7,4.5,0.381,1.8,2.2,0.833,0.7,3.9,4.7,5.3,2.3,0.9,0.3,15.1,2.3,1
1630165,Killian Hayes,1610612765,DET,42,7,35,0.167,24.0,2.8,6.7,0.413,0.5,1.8,0.297,0.8,1.2,0.66,0.3,2.6,2.8,4.9,1.2,0.9,0.5,6.9,-5.8,1
1630184,Kira Lewis Jr.,1610612762,UTA,28,10,18,0.357,9.4,1.2,3.3,0.37,0.1,1.2,0.121,0.6,0.7,0.85,0.3,0.6,0.9,1.3,0.5,0.3,0.1,3.2,-2.4,3
202691,Klay Thompson,1610612744,GSW,77,41,36,0.532,29.7,6.4,14.7,0.432,3.5,9.0,0.387,1.6,1.8,0.927,0.5,2.8,3.3,2.3,1.5,0.6,0.5,17.9,0.1,1
1641738,Kobe Brown,1610612746,LAC,44,27,17,0.614,9.0,0.8,2.0,0.411,0.3,1.1,0.292,0.0,0.0,0.5,0.5,1.0,1.4,0.6,0.2,0.3,0.1,2.0,-2.1,1
1641723,Kobe Bufkin,1610612737,ATL,17,8,9,0.471,11.5,2.0,5.4,0.37,0.5,2.4,0.225,0.2,0.5,0.5,0.4,1.6,1.9,1.6,0.6,0.4,0.3,4.8,-2.1,1
1628424,Kobi Simmons,1610612761,TOR,4,0,4,0.0,16.9,2.3,5.3,0.429,0.5,2.0,0.25,0.0,0.0,0.0,0.3,1.5,1.8,3.0,0.3,1.5,0.5,5.0,-7.8,1
1627739,Kris Dunn,1610612762,UTA,66,25,41,0.379,18.9,2.2,4.7,0.47,0.6,1.7,0.369,0.3,0.5,0.688,0.8,2.1,2.9,3.8,1.2,1.0,0.4,5.4,0.2,1
1631200,Kris Murray,1610612757,POR,62,12,50,0.194,21.7,2.3,5.9,0.396,0.8,3.0,0.268,0.6,0.9,0.661,1.4,2.2,3.6,1.3,0.9,0.9,0.3,6.1,-2.6,1
204001,Kristaps Porziņģis,1610612738,BOS,57,43,14,0.754,29.6,6.8,13.2,0.516,1.9,5.1,0.375,4.5,5.3,0.858,1.7,5.5,7.2,2.0,1.6,0.7,1.9,20.1,7.3,1
203937,Kyle Anderson,1610612750,MIN,79,55,24,0.696,22.6,2.5,5.5,0.46,0.1,0.6,0.229,1.2,1.7,0.708,0.8,2.7,3.5,4.2,1.2,0.9,0.6,6.4,2.1,1
1628398,Kyle Kuzma,1610612764,WAS,70,13,57,0.186,32.6,8.7,18.8,0.463,2.2,6.4,0.336,2.7,3.4,0.775,0.9,5.7,6.6,4.2,2.7,0.5,0.7,22.2,-8.0,1
200768,Kyle Lowry,1610612755,PHI,60,32,28,0.533,28.2,2.7,6.3,0.432,1.6,4.2,0.392,1.1,1.3,0.84,0.6,2.7,3.2,4.2,1.4,1.0,0.4,8.1,0.0,2
202681,Kyrie Irving,1610612742,DAL,58,39,19,0.672,35.0,9.7,19.5,0.497,3.0,7.3,0.411,3.3,3.6,0.905,0.8,4.2,5.0,5.2,1.8,1.3,0.5,25.6,4.8,1
1630163,LaMelo Ball,1610612766,CHA,22,7,15,0.318,32.3,8.3,19.2,0.433,3.2,9.0,0.355,4.1,4.7,0.865,1.3,3.8,5.1,8.0,3.8,1.8,0.2,23.9,-6.3,1
1630205,Lamar Stevens,1610612763,MEM,38,22,16,0.579,14.7,2.8,6.3,0.45,0.4,1.2,0.304,1.1,1.4,0.778,0.9,2.4,3.3,0.7,0.6,0.6,0.6,7.2,0.2,2
1629013,Landry Shamet,1610612764,WAS,46,6,40,0.13,15.8,2.6,6.0,0.431,1.2,3.4,0.338,0.8,1.0,0.826,0.3,1.0,1.3,1.2,0.7,0.5,0.2,7.1,-3.2,1
1626204,Larry Nance Jr.,1610612740,NOP,61,34,27,0.557,19.9,2.3,4.0,0.573,0.4,1.1,0.415,0.8,1.0,0.77,1.5,3.5,5.0,1.9,0.8,1.0,0.3,5.7,1.2,1
1628374,Lauri Markkanen,1610612762,UTA,55,22,33,0.4,33.1,7.8,16.2,0.48,3.2,8.0,0.399,4.5,5.0,0.899,2.2,5.9,8.2,2.0,1.4,0.9,0.5,23.2,0.4,1
2544,LeBron James,1610612747,LAL,71,41,30,0.577,35.3,9.6,17.9,0.54,2.1,5.1,0.41,4.3,5.7,0.75,0.9,6.4,7.3,8.3,3.5,1.3,0.5,25.7,3.1,1
1641778,Leaky Black,1610612766,CHA,26,2,24,0.077,10.9,1.0,2.0,0.481,0.3,0.8,0.45,0.4,0.6,0.667,0.3,1.5,1.8,0.9,0.2,0.3,0.4,2.7,-1.0,1
1631159,Leonard Miller,1610612750,MIN,17,13,4,0.765,3.1,0.8,1.2,0.65,0.1,0.3,0.4,0.1,0.1,0.5,0.3,0.9,1.2,0.5,0.1,0.1,0.1,1.7,0.5,1
1631311,Lester Quinones,1610612744,GSW,37,24,13,0.649,10.7,1.5,3.8,0.397,0.9,2.4,0.364,0.5,0.8,0.69,0.6,1.4,1.9,1.0,0.5,0.2,0.1,4.4,0.5,1
1629623,Lindell Wigginton,1610612749,MIL,3,3,0,1.0,2.5,0.7,1.7,0.4,0.0,0.7,0.0,0.7,0.7,1.0,0.0,0.0,0.0,0.0,0.3,0.0,0.0,2.0,-3.3,1
1630322,Lindy Waters III,1610612760,OKC,38,25,13,0.658,7.4,1.3,2.7,0.471,1.0,2.2,0.435,0.1,0.1,1.0,0.2,0.9,1.1,0.6,0.2,0.1,0.2,3.6,-0.9,1
1629022,Lonnie Walker IV,1610612751,BKN,58,23,35,0.397,17.4,3.6,8.5,0.423,1.8,4.7,0.384,0.8,1.0,0.763,0.2,2.0,2.2,1.3,0.9,0.6,0.3,9.7,0.1,1
1629652,Luguentz Dort,1610612760,OKC,79,54,25,0.684,28.4,3.6,8.3,0.438,2.0,5.0,0.394,1.6,2.0,0.826,0.9,2.7,3.6,1.4,0.9,0.9,0.6,10.9,4.4,1
1629029,Luka Dončić,1610612742,DAL,70,46,24,0.657,37.5,11.5,23.6,0.487,4.1,10.6,0.382,6.8,8.7,0.786,0.8,8.4,9.2,9.8,4.0,1.4,0.5,33.9,4.6,1
1630568,Luka Garza,1610612750,MIN,25,17,8,0.68,4.9,1.4,3.0,0.48,0.4,1.3,0.281,0.7,1.0,0.72,0.8,0.5,1.2,0.2,0.2,0.2,0.0,4.0,0.3,1
1629677,Luka Samanic,1610612762,UTA,43,15,28,0.349,9.4,1.4,3.7,0.38,0.3,1.5,0.203,1.0,1.3,0.786,0.5,1.9,2.4,0.4,0.7,0.1,0.2,4.1,-1.2,1
1628379,Luke Kennard,1610612763,MEM,39,15,24,0.385,25.6,3.6,8.1,0.448,2.7,6.1,0.45,1.0,1.2,0.889,0.3,2.6,2.9,3.5,1.4,0.5,0.1,11.0,-4.8,1
1628436,Luke Kornet,1610612738,BOS,63,48,15,0.762,15.6,2.3,3.2,0.7,0.0,0.0,1.0,0.8,0.9,0.907,1.9,2.3,4.1,1.1,0.3,0.4,1.0,5.3,3.5,1
1630201,Malachi Flynn,1610612765,DET,69,28,41,0.406,12.7,2.0,4.7,0.418,0.8,2.4,0.331,0.8,1.0,0.732,0.3,1.3,1.7,1.9,0.9,0.6,0.1,5.5,-2.6,3
1631103,Malaki Branham,1610612759,SAS,75,18,57,0.24,21.3,3.6,8.4,0.432,1.2,3.6,0.347,0.7,0.8,0.873,0.4,1.6,2.0,2.1,1.2,0.4,0.1,9.2,-5.0,1
1627763,Malcolm Brogdon,1610612757,POR,39,15,24,0.385,28.7,5.6,12.7,0.44,2.1,5.1,0.412,2.4,3.0,0.819,0.7,3.1,3.8,5.5,1.5,0.7,0.2,15.7,-2.1,1
1630608,Malcolm Cazalon,1610612765,DET,1,0,1,0.0,2.6,0.0,0.0,0.0,0.0,0.0,0.0,0.0,0.0,0.0,0.0,0.0,0.0,0.0,0.0,0.0,0.0,0.0,5.0,1
1627736,Malik Beasley,1610612749,MIL,79,46,33,0.582,29.6,4.1,9.1,0.443,2.8,6.9,0.413,0.3,0.4,0.714,0.5,3.2,3.7,1.4,0.7,0.7,0.1,11.3,3.7,1
1628370,Malik Monk,1610612758,SAC,72,42,30,0.583,26.0,5.5,12.4,0.443,2.1,5.9,0.35,2.4,2.8,0.829,0.4,2.6,2.9,5.1,2.1,0.6,0.5,15.4,0.1,1
1642013,Malik Williams,1610612761,TOR,7,2,5,0.286,15.2,1.3,4.9,0.265,0.1,0.7,0.2,0.0,0.3,0.0,2.1,3.3,5.4,0.3,0.4,0.4,0.6,2.7,-8.0,1
1629603,Mamadi Diakite,1610612752,NYK,6,5,1,0.833,4.1,0.7,1.0,0.667,0.0,0.2,0.0,0.7,1.0,0.667,0.2,0.5,0.7,0.3,0.2,0.2,0.2,2.0,0.5,2
1641970,Maozinha Pereira,1610612763,MEM,7,2,5,0.286,17.4,2.6,5.0,0.514,0.7,1.9,0.385,1.0,1.4,0.7,1.6,3.7,5.3,0.3,0.7,0.9,0.6,6.9,1.3,1
1630699,MarJon Beauchamp,1610612749,MIL,48,30,18,0.625,12.7,1.7,3.5,0.488,0.6,1.6,0.4,0.4,0.6,0.679,0.5,1.6,2.1,0.6,0.6,0.3,0.1,4.4,-0.3,1
202694,Marcus Morris Sr.,1610612739,CLE,49,26,23,0.531,16.7,2.4,5.4,0.439,1.0,2.4,0.403,0.7,0.9,0.818,0.5,2.3,2.7,0.7,0.6,0.3,0.3,6.4,-1.2,2
1631204,Marcus Sasser,1610612765,DET,71,11,60,0.155,19.0,3.1,7.2,0.428,1.3,3.4,0.375,0.8,0.9,0.879,0.2,1.6,1.8,3.3,1.3,0.6,0.2,8.3,-3.5,1
203935,Marcus Smart,1610612763,MEM,20,7,13,0.35,30.2,5.1,11.9,0.43,2.1,6.7,0.313,2.2,2.8,0.768,0.3,2.4,2.7,4.3,3.1,2.1,0.3,14.5,-1.0,1
1631109,Mark Williams,1610612766,CHA,19,7,12,0.368,26.8,5.2,7.9,0.649,0.0,0.0,0.0,2.4,3.4,0.719,4.0,5.7,9.7,1.2,0.9,0.8,1.1,12.7,-1.1,1
1628365,Markelle Fultz,1610612753,ORL,43,25,18,0.581,21.2,3.6,7.6,0.472,0.1,0.4,0.222,0.5,0.8,0.697,1.3,1.9,3.2,2.8,1.2,1.0,0.3,7.8,0.3,1
202693,Markieff Morris,1610612742,DAL,26,15,11,0.577,8.3,0.9,2.6,0.338,0.6,1.6,0.357,0.2,0.2,0.833,0.2,1.3,1.5,0.6,0.5,0.2,0.1,2.5,-2.2,1
1641806,Markquis Nowell,1610612761,TOR,1,0,1,0.0,3.5,0.0,1.0,0.0,0.0,0.0,0.0,2.0,2.0,1.0,2.0,0.0,2.0,2.0,0.0,1.0,0.0,2.0,4.0,1
1629716,Marques Bolden,1610612766,CHA,11,5,6,0.455,11.0,1.5,2.3,0.68,0.0,0.1,0.0,0.3,0.4,0.75,0.9,2.2,3.1,0.4,0.3,0.3,0.6,3.4,-1.5,2
1628963,Marvin Bagley III,1610612764,WAS,50,7,43,0.14,21.1,4.8,8.2,0.586,0.2,0.5,0.391,1.9,2.5,0.762,2.6,3.6,6.2,1.1,1.2,0.4,0.7,11.7,-2.7,2
1630222,Mason Jones,1610612758,SAC,5,3,2,0.6,5.5,0.4,1.6,0.25,0.4,1.4,0.286,0.2,0.4,0.5,0.2,0.8,1.0,1.0,0.4,0.2,0.0,1.4,-1.4,1
203486,Mason Plumlee,1610612746,LAC,46,29,17,0.63,14.7,1.9,3.3,0.569,0.0,0.1,0.0,1.5,2.2,0.707,1.3,3.8,5.1,1.2,0.8,0.3,0.4,5.3,0.2,1
1629680,Matisse Thybulle,1610612757,POR,65,18,47,0.277,22.9,1.9,4.9,0.397,1.2,3.6,0.346,0.3,0.4,0.759,0.5,1.6,2.1,1.4,0.6,1.7,0.8,5.4,-3.6,1
1630562,Matt Hurt,1610612763,MEM,8,2,6,0.25,14.2,1.5,4.3,0.353,0.6,2.5,0.25,0.4,0.4,1.0,1.1,0.9,2.0,0.5,0.3,0.4,0.4,4.0,-1.5,1
1630346,Matt Ryan,1610612740,NOP,28,14,14,0.5,13.9,1.8,4.0,0.434,1.5,3.3,0.451,0.5,0.5,0.929,0.2,1.2,1.4,0.6,0.7,0.2,0.0,5.4,0.5,1
1631108,Max Christie,1610612747,LAL,67,38,29,0.567,14.1,1.5,3.6,0.427,0.6,1.8,0.356,0.5,0.7,0.783,0.2,1.9,2.1,0.9,0.5,0.3,0.3,4.2,-0.3,1
1629622,Max Strus,1610612739,CLE,70,43,27,0.614,32.0,4.3,10.4,0.418,2.4,6.8,0.351,1.1,1.4,0.794,0.9,3.9,4.8,4.0,1.6,0.9,0.4,12.2,3.6,1
1628467,Maxi Kleber,1610612742,DAL,43,27,16,0.628,20.3,1.5,3.4,0.432,0.7,2.1,0.348,0.8,1.1,0.702,0.7,2.6,3.3,1.6,0.7,0.4,0.7,4.4,2.9,1
1641721,Maxwell Lewis,1610612747,LAL,34,18,16,0.529,3.0,0.1,0.6,0.19,0.0,0.3,0.111,0.1,0.1,0.667,0.1,0.1,0.1,0.2,0.3,0.1,0.0,0.3,-2.1,1
1630695,Micah Potter,1610612762,UTA,16,3,13,0.188,11.6,1.2,2.5,0.475,0.6,1.3,0.429,0.4,0.5,0.75,0.6,2.1,2.7,0.4,0.3,0.3,0.4,3.3,-1.8,1
1629008,Michael Porter Jr.,1610612743,DEN,81,57,24,0.704,31.7,6.4,13.3,0.484,2.7,6.8,0.397,1.1,1.4,0.836,1.3,5.7,7.0,1.5,1.1,0.5,0.7,16.7,5.8,1
1628969,Mikal Bridges,1610612751,BKN,82,32,50,0.39,34.8,6.9,15.8,0.436,2.7,7.2,0.372,3.1,3.9,0.814,0.8,3.7,4.5,3.6,2.0,1.0,0.4,19.6,-2.3,1
201144,Mike Conley,1610612750,MIN,76,53,23,0.697,28.9,3.9,8.5,0.457,2.4,5.3,0.442,1.3,1.5,0.911,0.5,2.4,2.9,5.9,1.3,1.2,0.2,11.4,3.6,1
203488,Mike Muscala,1610612760,OKC,53,17,36,0.321,11.3,1.1,2.9,0.359,0.5,1.8,0.292,0.3,0.5,0.68,0.7,1.6,2.4,0.7,0.4,0.2,0.2,3.0,-1.7,3
1628970,Miles Bridges,1610612766,CHA,69,17,52,0.246,37.4,8.1,17.5,0.462,2.3,6.5,0.349,2.5,3.1,0.825,1.0,6.3,7.3,3.3,2.0,0.9,0.5,21.0,-9.2,1
1630540,Miles McBride,1610612752,NYK,68,42,26,0.618,19.5,3.0,6.7,0.452,1.6,3.9,0.41,0.6,0.7,0.86,0.5,1.0,1.5,1.7,0.4,0.7,0.1,8.3,-0.2,1
1629011,Mitchell Robinson,1610612752,NYK,31,19,12,0.613,24.8,2.4,4.1,0.575,0.0,0.0,0.0,0.9,2.1,0.409,4.6,3.9,8.5,0.6,0.8,1.2,1.1,5.6,0.4,1
1628964,Mo Bamba,1610612755,PHI,57,30,27,0.526,13.0,1.7,3.5,0.49,0.4,1.1,0.391,0.6,0.9,0.68,1.4,2.8,4.2,0.7,0.7,0.4,1.1,4.4,-0.8,1
1628420,Monte Morris,1610612750,MIN,33,21,12,0.636,14.4,1.9,4.6,0.405,0.8,2.1,0.386,0.4,0.6,0.684,0.2,1.5,1.7,2.1,0.2,0.6,0.3,5.0,2.6,2
1629021,Moritz Wagner,1610612753,ORL,80,46,34,0.575,17.7,4.2,6.9,0.601,0.5,1.4,0.33,2.1,2.6,0.814,1.5,2.9,4.3,1.2,1.2,0.5,0.3,10.9,1.2,1
1629650,Moses Brown,1610612757,POR,22,4,18,0.182,9.1,1.5,3.0,0.508,0.0,0.0,0.0,0.4,1.4,0.29,1.7,2.2,3.9,0.3,0.5,0.2,0.3,3.4,-2.7,1
1630541,Moses Moody,1610612744,GSW,66,38,28,0.576,17.5,2.9,6.4,0.462,1.1,3.0,0.36,1.1,1.4,0.785,1.0,2.0,3.0,0.9,0.7,0.6,0.4,8.1,1.5,1
1631338,Mouhamadou Gueye,1610612761,TOR,11,0,11,0.0,10.9,1.0,3.5,0.289,0.0,0.3,0.0,0.4,0.8,0.444,1.1,1.0,2.1,0.5,1.1,0.3,1.6,2.4,-7.3,1
1631243,Mouhamed Gueye,1610612737,ATL,6,2,4,0.333,12.1,1.3,3.8,0.348,0.5,1.5,0.333,0.8,1.0,0.833,1.7,2.0,3.7,0.7,0.2,0.8,0.7,4.0,-6.8,1
1631217,Moussa Diabaté,1610612746,LAC,11,7,4,0.636,5.8,0.9,1.7,0.526,0.0,0.0,0.0,0.8,1.3,0.643,1.4,0.8,2.2,0.4,0.2,0.5,0.1,2.6,-0.2,1
1626167,Myles Turner,1610612754,IND,77,45,32,0.584,27.0,6.2,11.8,0.524,1.5,4.2,0.358,3.2,4.1,0.773,1.5,5.5,6.9,1.3,1.4,0.5,1.9,17.1,2.9,1
1630230,Naji Marshall,1610612740,NOP,66,41,25,0.621,19.0,2.6,5.6,0.463,0.9,2.3,0.387,1.0,1.3,0.791,0.8,2.8,3.6,1.9,1.0,0.7,0.2,7.1,3.1,1
1629642,Nassir Little,1610612756,PHX,45,28,17,0.622,10.2,1.3,2.8,0.46,0.5,1.6,0.3,0.4,0.4,0.85,0.3,1.4,1.7,0.5,0.3,0.2,0.2,3.4,-2.0,1
1630207,Nate Hinton,1610612745,HOU,15,8,7,0.533,5.0,0.7,1.7,0.423,0.5,0.9,0.5,0.3,0.3,0.8,0.5,1.0,1.5,0.7,0.2,0.2,0.1,2.2,0.9,1
1631466,Nate Williams,1610612745,HOU,22,11,11,0.5,5.9,1.2,2.3,0.54,0.1,0.2,0.4,0.3,0.6,0.538,0.5,0.5,1.0,0.3,0.2,0.2,0.0,2.9,1.0,1
1641877,Nathan Mensah,1610612766,CHA,25,3,22,0.12,12.3,0.5,1.1,0.429,0.0,0.0,0.0,0.4,0.5,0.75,1.2,1.4,2.6,0.4,0.6,0.2,0.6,1.3,-5.3,1
1629675,Naz Reid,1610612750,MIN,81,56,25,0.691,24.2,5.0,10.5,0.477,2.1,5.0,0.414,1.3,1.8,0.736,0.9,4.3,5.2,1.3,1.4,0.8,0.9,13.5,3.1,1
1629674,Neemias Queta,1610612738,BOS,28,24,4,0.857,11.9,2.4,3.7,0.644,0.0,0.0,0.0,0.7,1.0,0.714,1.9,2.5,4.4,0.7,0.5,0.5,0.8,5.5,4.8,1
1629651,Nic Claxton,1610612751,BKN,71,27,44,0.38,29.8,5.2,8.2,0.629,0.0,0.1,0.2,1.5,2.8,0.551,2.7,7.2,9.9,2.1,1.3,0.6,2.1,11.8,-3.9,1
1630208,Nick Richards,1610612766,CHA,67,14,53,0.209,26.2,3.9,5.6,0.691,0.0,0.0,0.0,2.0,2.7,0.737,2.6,5.5,8.0,0.8,1.1,0.4,1.1,9.7,-6.4,1
1641733,Nick Smith Jr.,1610612766,CHA,51,9,42,0.176,14.3,2.2,5.7,0.391,1.2,2.9,0.432,0.3,0.3,0.867,0.4,1.1,1.4,1.2,0.8,0.2,0.1,5.9,-3.8,1
1629638,Nickeil Alexander-Walker,1610612750,MIN,82,56,26,0.683,23.4,2.9,6.6,0.439,1.6,4.1,0.391,0.6,0.8,0.8,0.4,1.6,2.0,2.5,0.9,0.8,0.5,8.0,3.8,1
201587,Nicolas Batum,1610612755,PHI,60,36,24,0.6,25.5,1.9,4.3,0.453,1.2,3.1,0.395,0.3,0.4,0.714,1.2,3.0,4.1,2.1,0.7,0.8,0.6,5.3,3.0,2
203999,Nikola Jokić,1610612743,DEN,79,55,24,0.696,34.6,10.4,17.9,0.583,1.1,2.9,0.359,4.5,5.5,0.817,2.8,9.5,12.4,9.0,3.0,1.4,0.9,26.4,8.6,1
1631107,Nikola Jović,1610612748,MIA,46,24,22,0.522,19.5,2.8,6.1,0.452,1.4,3.5,0.399,0.7,1.0,0.702,0.5,3.6,4.2,2.0,0.9,0.5,0.3,7.7,3.2,1
202696,Nikola Vučević,1610612741,CHI,76,36,40,0.474,34.3,7.7,15.9,0.484,1.2,4.1,0.294,1.4,1.7,0.822,2.8,7.8,10.5,3.3,1.6,0.7,0.8,18.0,-2.4,1
1641730,Noah Clowney,1610612751,BKN,23,10,13,0.435,16.1,2.2,4.0,0.538,0.5,1.4,0.364,0.9,1.3,0.7,1.1,2.4,3.5,0.8,0.7,0.3,0.7,5.8,-2.3,1
1626181,Norman Powell,1610612746,LAC,76,48,28,0.632,26.2,4.9,10.1,0.486,2.2,5.1,0.435,1.9,2.3,0.831,0.2,2.4,2.6,1.1,0.9,0.6,0.3,13.9,2.8,1
1628384,OG Anunoby,1610612752,NYK,50,31,19,0.62,34.0,5.6,11.5,0.489,2.0,5.3,0.382,1.3,1.8,0.753,0.9,3.2,4.2,2.1,1.6,1.4,0.7,14.7,7.8,2
1630167,Obi Toppin,1610612754,IND,82,47,35,0.573,21.1,4.0,7.1,0.573,1.2,3.1,0.403,0.9,1.2,0.77,1.0,2.9,3.9,1.6,0.8,0.6,0.5,10.3,1.7,1
1630534,Ochai Agbaji,1610612761,TOR,78,31,47,0.397,21.0,2.3,5.6,0.411,0.8,2.7,0.294,0.5,0.7,0.661,0.9,1.8,2.8,1.1,0.8,0.6,0.6,5.8,-3.2,2
1630846,Olivier Sarr,1610612760,OKC,15,8,7,0.533,6.5,0.7,1.3,0.579,0.1,0.4,0.333,0.7,1.0,0.667,0.7,1.7,2.4,0.1,0.2,0.0,0.5,2.3,0.1,1
1641765,Olivier-Maxence Prosper,1610612742,DAL,40,24,16,0.6,8.4,1.0,2.6,0.385,0.3,1.1,0.289,0.7,1.0,0.683,0.6,1.4,2.0,0.6,0.2,0.2,0.1,3.0,-2.2,1
1630209,Omer Yurtseven,1610612762,UTA,48,17,31,0.354,11.4,2.1,3.8,0.538,0.1,0.5,0.208,0.4,0.6,0.679,1.5,2.8,4.3,0.6,0.8,0.2,0.4,4.6,-2.8,1
1641931,Onuralp Bitim,1610612741,CHI,23,11,12,0.478,11.7,1.4,3.7,0.381,0.5,1.9,0.273,0.2,0.2,0.8,0.3,1.1,1.4,0.6,0.4,0.1,0.1,3.5,-2.0,1
1630168,Onyeka Okongwu,1610612737,ATL,55,23,32,0.418,25.5,4.1,6.6,0.611,0.4,1.3,0.333,1.7,2.1,0.793,2.6,4.2,6.8,1.3,0.8,0.5,1.1,10.2,-0.6,1
1631115,Orlando Robinson,1610612748,MIA,36,20,16,0.556,8.4,1.0,2.0,0.5,0.2,0.4,0.533,0.5,0.7,0.76,0.8,1.6,2.3,0.9,0.5,0.2,0.2,2.8,0.3,1
1631131,Oscar Tshiebwe,1610612754,IND,8,2,6,0.25,5.2,1.3,2.5,0.5,0.0,0.0,0.0,0.8,1.0,0.75,1.0,1.0,2.0,0.3,0.0,0.3,0.1,3.3,1.8,1
1629052,Oshae Brissett,1610612738,BOS,55,46,9,0.836,11.5,1.2,2.8,0.444,0.3,1.0,0.273,0.9,1.5,0.602,1.1,1.8,2.9,0.8,0.4,0.3,0.1,3.7,2.1,1
203490,Otto Porter Jr.,1610612761,TOR,15,6,9,0.4,11.6,0.9,2.2,0.424,0.5,1.5,0.348,0.2,0.2,1.0,0.4,1.5,1.9,0.5,0.1,0.3,0.3,2.6,1.5,1
1631172,Ousmane Dieng,1610612760,OKC,33,21,12,0.636,11.1,1.5,3.5,0.422,0.6,2.1,0.3,0.4,0.5,0.875,0.3,1.2,1.5,1.1,0.6,0.2,0.2,4.0,0.0,1
200782,P.J. Tucker,1610612746,LAC,31,13,18,0.419,15.7,0.6,1.6,0.36,0.4,1.1,0.371,0.1,0.1,1.0,0.9,1.8,2.7,0.5,0.3,0.5,0.2,1.7,-0.8,2
1629023,P.J. Washington,1610612742,DAL,73,30,43,0.411,30.4,4.8,11.1,0.436,1.8,5.7,0.32,1.4,2.0,0.683,1.2,4.5,5.6,1.9,1.3,1.0,0.8,12.9,-1.8,2
1631094,Paolo Banchero,1610612753,ORL,80,46,34,0.575,35.0,8.0,17.6,0.455,1.5,4.4,0.339,5.1,7.0,0.725,1.0,5.9,6.9,5.4,3.1,0.9,0.6,22.6,0.0,1
1627783,Pascal Siakam,1610612754,IND,80,38,42,0.475,33.2,8.5,15.9,0.536,1.1,3.1,0.346,3.6,5.0,0.732,1.7,5.3,7.1,4.3,1.8,0.8,0.3,21.7,1.4,2
1626192,Pat Connaughton,1610612749,MIL,76,45,31,0.592,22.1,2.0,4.6,0.435,1.1,3.1,0.345,0.6,0.8,0.759,0.7,2.5,3.1,2.1,0.6,0.5,0.3,5.6,-0.2,1
1630311,Pat Spencer,1610612744,GSW,6,4,2,0.667,4.3,0.3,0.7,0.5,0.0,0.3,0.0,0.0,0.0,0.0,0.3,0.3,0.7,0.8,0.2,0.0,0.0,0.7,-1.0,1
1631116,Patrick Baldwin Jr.,1610612764,WAS,38,6,32,0.158,13.0,1.6,4.1,0.381,0.8,2.6,0.32,0.5,0.7,0.679,0.4,2.8,3.2,0.8,0.5,0.5,0.4,4.4,-0.6,1
201976,Patrick Beverley,1610612749,MIL,73,43,30,0.589,20.0,2.2,5.2,0.417,0.8,2.5,0.337,1.0,1.2,0.822,0.7,2.6,3.3,2.9,0.9,0.6,0.4,6.2,-0.8,2
1630172,Patrick Williams,1610612741,CHI,43,19,24,0.442,27.3,3.7,8.3,0.443,1.4,3.4,0.399,1.2,1.5,0.788,1.1,2.8,3.9,1.5,1.3,0.9,0.8,10.0,-0.3,1
201988,Patty Mills,1610612748,MIA,32,15,17,0.469,13.0,1.4,4.1,0.351,0.8,2.7,0.276,0.3,0.3,1.0,0.3,0.8,1.1,1.1,0.5,0.6,0.0,4.0,0.2,2
202331,Paul George,1610612746,LAC,74,48,26,0.649,33.8,7.9,16.7,0.471,3.3,7.9,0.413,3.6,3.9,0.907,0.5,4.7,5.2,3.5,2.1,1.5,0.5,22.6,6.2,1
1630194,Paul Reed,1610612755,PHI,82,47,35,0.573,19.4,3.2,5.9,0.54,0.3,0.7,0.368,0.7,1.0,0.718,2.4,3.6,6.0,1.3,0.8,0.8,1.0,7.3,1.2,1
1630202,Payton Pritchard,1610612738,BOS,82,64,18,0.78,22.3,3.6,7.7,0.468,1.8,4.7,0.385,0.6,0.7,0.821,0.9,2.4,3.2,3.4,0.7,0.5,0.1,9.6,5.5,1
1631250,Pete Nance,1610612739,CLE,8,3,5,0.375,3.4,0.1,0.8,0.167,0.1,0.1,1.0,0.0,0.3,0.0,0.0,0.4,0.4,0.0,0.1,0.1,0.0,0.4,-2.9,1
1631212,Peyton Watson,1610612743,DEN,80,56,24,0.7,18.6,2.6,5.6,0.465,0.6,1.9,0.296,0.9,1.3,0.67,0.7,2.5,3.2,1.1,0.7,0.5,1.1,6.7,-0.9,1
1630173,Precious Achiuwa,1610612752,NYK,74,40,34,0.541,21.9,3.2,6.3,0.501,0.4,1.3,0.268,0.9,1.5,0.616,2.6,4.0,6.6,1.3,1.1,0.6,0.9,7.6,-0.6,2
1629656,Quentin Grimes,1610612765,DET,51,32,19,0.627,20.1,2.4,6.4,0.372,1.6,4.7,0.338,0.7,0.9,0.756,0.3,1.7,2.0,1.3,0.5,0.7,0.1,7.0,-0.8,2
1631245,Quenton Jackson,1610612754,IND,3,3,0,1.0,3.5,0.0,0.3,0.0,0.0,0.0,0.0,0.7,0.7,1.0,0.0,1.3,1.3,0.7,0.0,0.3,0.0,0.7,0.0,1
1630181,R.J. Hampton,1610612748,MIA,8,3,5,0.375,9.5,0.5,1.8,0.286,0.1,1.0,0.125,0.1,0.3,0.5,0.3,0.5,0.8,1.0,0.4,0.0,0.0,1.3,2.6,1
1629628,RJ Barrett,1610612761,TOR,58,26,32,0.448,31.7,7.5,15.2,0.495,1.6,4.3,0.36,3.6,5.0,0.715,0.9,4.5,5.4,3.3,2.2,0.5,0.4,20.2,-2.6,2
1630564,RaiQuan Gray,1610612759,SAS,3,2,1,0.667,13.0,3.3,5.7,0.588,1.0,2.3,0.429,0.0,0.0,0.0,0.7,1.7,2.3,2.0,0.3,0.3,0.3,7.7,4.7,1
1641712,Rayan Rupert,1610612757,POR,39,7,32,0.179,16.2,1.4,4.1,0.335,0.7,2.0,0.359,0.5,0.6,0.76,0.6,1.7,2.4,1.6,0.8,0.3,0.1,4.0,-3.2,1
203493,Reggie Bullock Jr.,1610612745,HOU,44,24,20,0.545,9.5,0.8,1.9,0.415,0.6,1.5,0.403,0.0,0.0,1.0,0.1,1.5,1.7,0.3,0.2,0.3,0.1,2.2,-1.2,1
202704,Reggie Jackson,1610612743,DEN,82,57,25,0.695,22.2,4.0,9.2,0.431,1.2,3.5,0.359,1.0,1.2,0.806,0.4,1.5,1.9,3.8,1.3,0.5,0.1,10.2,1.0,1
1626158,Richaun Holmes,1610612764,WAS,40,13,27,0.325,13.9,2.1,3.7,0.558,0.0,0.1,0.333,0.9,1.2,0.723,1.8,2.8,4.6,0.6,0.6,0.3,0.5,5.0,-2.3,2
1641741,Ricky Council IV,1610612755,PHI,32,15,17,0.469,9.0,1.7,3.5,0.482,0.4,1.0,0.375,1.7,2.2,0.746,0.4,1.0,1.4,0.5,0.2,0.3,0.0,5.4,0.4,1
203496,Robert Covington,1610612755,PHI,29,20,9,0.69,16.8,1.5,3.4,0.439,0.7,1.9,0.339,0.8,0.9,0.846,1.1,2.3,3.3,0.8,0.4,1.3,0.6,4.4,3.6,2
1629057,Robert Williams III,1610612757,POR,6,2,4,0.333,19.8,2.8,4.3,0.654,0.0,0.0,0.0,1.2,1.5,0.778,1.8,4.5,6.3,0.8,1.2,1.2,1.2,6.8,-5.0,1
201577,Robin Lopez,1610612749,MIL,16,10,6,0.625,4.0,0.4,1.2,0.368,0.1,0.5,0.25,0.1,0.1,1.0,0.2,0.1,0.3,0.3,0.1,0.1,0.2,1.1,-1.4,1
1631199,Ron Harper Jr.,1610612761,TOR,1,1,0,1.0,3.7,0.0,0.0,0.0,0.0,0.0,0.0,0.0,0.0,0.0,0.0,0.0,0.0,1.0,0.0,0.0,0.0,0.0,-9.0,1
1626220,Royce O'Neale,1610612756,PHX,79,38,41,0.481,24.7,2.7,6.8,0.397,2.0,5.3,0.37,0.3,0.4,0.686,0.8,4.0,4.8,2.8,0.9,0.7,0.6,7.7,1.5,2
203497,Rudy Gobert,1610612750,MIN,76,53,23,0.697,34.1,5.3,8.1,0.661,0.0,0.0,0.0,3.3,5.1,0.638,3.8,9.2,12.9,1.3,1.6,0.7,2.1,14.0,5.4,1
1629060,Rui Hachimura,1610612747,LAL,68,40,28,0.588,26.8,5.3,9.9,0.537,1.4,3.4,0.422,1.5,2.0,0.739,0.9,3.5,4.3,1.2,0.7,0.6,0.4,13.6,1.8,1
201566,Russell Westbrook,1610612746,LAC,68,45,23,0.662,22.5,4.4,9.8,0.454,0.6,2.3,0.273,1.6,2.4,0.688,1.4,3.7,5.0,4.5,2.1,1.1,0.3,11.1,1.5,1
1627853,Ryan Arcidiacono,1610612752,NYK,20,15,5,0.75,2.3,0.0,0.3,0.0,0.0,0.3,0.0,0.0,0.0,0.0,0.0,0.4,0.4,0.2,0.1,0.1,0.0,0.0,0.1,1
1631157,Ryan Rollins,1610612749,MIL,13,1,12,0.077,6.0,1.1,2.1,0.519,0.2,0.3,0.75,1.0,1.3,0.765,0.2,0.8,1.0,1.1,0.6,0.8,0.2,3.4,4.8,2
1630240,Saben Lee,1610612756,PHX,24,15,9,0.625,7.7,0.8,2.3,0.364,0.1,0.7,0.125,1.2,1.6,0.744,0.4,0.9,1.3,1.3,0.3,0.3,0.1,3.0,0.6,1
1630180,Saddiq Bey,1610612737,ATL,63,28,35,0.444,32.7,4.6,11.1,0.416,1.8,5.7,0.316,2.7,3.2,0.837,2.7,3.9,6.5,1.5,0.9,0.8,0.2,13.7,-0.3,1
1630573,Sam Hauser,1610612738,BOS,79,62,17,0.785,22.0,3.2,7.1,0.446,2.5,5.9,0.424,0.2,0.2,0.895,0.6,2.9,3.5,1.0,0.4,0.5,0.3,9.0,6.2,1
1630241,Sam Merrill,1610612739,CLE,61,36,25,0.59,17.5,2.6,6.4,0.402,2.3,5.8,0.404,0.4,0.5,0.929,0.4,1.6,2.0,1.8,0.3,0.3,0.1,8.0,0.5,1
1630572,Sandro Mamukelashvili,1610612759,SAS,46,12,34,0.261,9.8,1.6,3.4,0.471,0.4,1.4,0.297,0.5,0.7,0.735,1.0,2.2,3.2,1.1,0.4,0.2,0.3,4.1,1.0,1
1630583,Santi Aldama,1610612763,MEM,61,23,38,0.377,26.5,4.0,9.3,0.435,1.7,5.0,0.349,0.9,1.4,0.621,1.2,4.6,5.8,2.3,1.1,0.7,0.9,10.7,-4.5,1
1628426,Sasha Vezenkov,1610612758,SAC,42,22,20,0.524,12.2,2.0,4.5,0.44,1.1,2.9,0.375,0.3,0.4,0.8,0.7,1.6,2.3,0.5,0.3,0.5,0.2,5.4,0.0,1
1630703,Scoot Henderson,1610612757,POR,62,18,44,0.29,28.5,5.0,12.9,0.385,1.4,4.3,0.325,2.7,3.3,0.819,0.9,2.3,3.1,5.4,3.4,0.8,0.2,14.0,-8.0,1
1630567,Scottie Barnes,1610612761,TOR,60,22,38,0.367,34.9,7.5,15.7,0.475,1.7,4.9,0.341,3.3,4.2,0.781,2.4,5.9,8.2,6.1,2.8,1.3,1.5,19.9,-2.4,1
1630590,Scotty Pippen Jr.,1610612763,MEM,21,5,16,0.238,25.1,4.8,9.7,0.493,1.4,3.4,0.417,2.0,2.6,0.745,1.0,2.1,3.2,4.7,2.7,1.7,0.5,12.9,-3.4,1
203552,Seth Curry,1610612766,CHA,44,25,19,0.568,14.0,1.8,4.6,0.392,0.9,2.5,0.352,0.6,0.7,0.903,0.4,1.1,1.5,1.0,0.5,0.5,0.1,5.1,1.4,2
1641754,Seth Lundy,1610612737,ATL,9,2,7,0.222,5.8,0.4,1.9,0.235,0.3,1.4,0.231,0.3,0.4,0.75,0.1,0.7,0.8,0.0,0.1,0.0,0.0,1.6,-1.4,1
1631101,Shaedon Sharpe,1610612757,POR,32,8,24,0.25,33.1,5.5,13.6,0.406,1.9,5.6,0.333,3.1,3.7,0.824,1.3,3.7,5.0,2.9,2.3,0.9,0.4,15.9,-7.7,1
1628983,Shai Gilgeous-Alexander,1610612760,OKC,75,55,20,0.733,34.0,10.6,19.8,0.535,1.3,3.6,0.353,7.6,8.7,0.874,0.9,4.7,5.5,6.2,2.2,2.0,0.9,30.1,8.2,1
1629003,Shake Milton,1610612752,NYK,48,32,16,0.667,12.1,1.6,4.1,0.405,0.4,1.3,0.281,0.8,1.0,0.816,0.3,1.3,1.6,1.3,0.6,0.4,0.1,4.5,-1.0,3
1627885,Shaquille Harrison,1610612763,MEM,3,1,2,0.333,2.0,0.3,0.7,0.5,0.0,0.0,0.0,0.0,0.0,0.0,0.0,0.7,0.7,0.0,0.0,0.0,0.3,0.7,-3.7,1
1631321,Sidy Cissoko,1610612759,SAS,12,5,7,0.417,11.7,1.3,2.8,0.485,0.1,1.0,0.083,1.0,1.3,0.8,0.7,1.2,1.8,0.8,0.3,0.6,0.3,3.8,2.1,1
1631323,Simone Fontecchio,1610612765,DET,66,29,37,0.439,24.9,3.8,8.3,0.46,2.0,5.1,0.401,0.8,1.0,0.818,1.0,2.8,3.7,1.5,1.0,0.7,0.3,10.5,-0.4,2
1630219,Skylar Mays,1610612747,LAL,38,14,24,0.368,11.4,1.7,4.2,0.396,0.4,1.4,0.296,0.3,0.4,0.765,0.3,0.9,1.1,2.2,0.5,0.6,0.1,4.1,-2.7,2
203915,Spencer Dinwiddie,1610612747,LAL,76,38,38,0.5,28.3,3.3,8.4,0.392,1.6,4.8,0.337,2.2,2.8,0.805,0.4,2.3,2.7,4.7,1.2,0.7,0.3,10.5,0.9,2
1630649,Stanley Umude,1610612765,DET,24,4,20,0.167,12.8,1.5,3.5,0.44,1.0,2.2,0.453,1.2,1.3,0.906,0.3,1.8,2.1,0.5,0.6,0.3,0.3,5.3,-3.1,1
201939,Stephen Curry,1610612744,GSW,74,43,31,0.581,32.7,8.8,19.5,0.45,4.8,11.8,0.408,4.0,4.4,0.923,0.5,4.0,4.5,5.1,2.8,0.7,0.4,26.4,2.6,1
1629004,Svi Mykhailiuk,1610612738,BOS,41,32,9,0.78,10.1,1.4,3.3,0.416,1.0,2.6,0.389,0.1,0.2,0.667,0.3,1.0,1.2,0.9,0.3,0.3,0.0,4.0,3.6,1
204456,T.J. McConnell,1610612754,IND,71,40,31,0.563,18.2,4.6,8.4,0.556,0.3,0.6,0.409,0.7,0.9,0.79,0.5,2.2,2.7,5.5,1.5,1.0,0.1,10.2,1.3,1
203933,T.J. Warren,1610612750,MIN,11,7,4,0.636,11.3,1.6,3.7,0.439,0.2,1.2,0.154,0.3,0.4,0.75,0.5,1.5,2.0,0.8,0.4,0.4,0.1,3.7,4.6,1
201959,Taj Gibson,1610612765,DET,20,8,12,0.4,10.2,0.8,1.9,0.405,0.1,0.5,0.2,0.1,0.1,1.0,0.6,1.3,1.9,0.6,0.3,0.2,0.4,1.7,-1.5,2
1629659,Talen Horton-Tucker,1610612762,UTA,51,14,37,0.275,19.8,3.6,9.1,0.396,1.2,3.6,0.33,1.7,2.1,0.807,0.4,2.0,2.4,3.5,1.3,0.9,0.4,10.1,-2.1,1
1631106,Tari Eason,1610612745,HOU,22,12,10,0.545,21.8,4.0,8.6,0.466,0.8,2.3,0.36,1.0,1.5,0.636,2.1,4.9,7.0,1.2,0.9,1.4,0.9,9.8,4.0,1
1627752,Taurean Prince,1610612747,LAL,78,44,34,0.564,27.0,3.2,7.3,0.442,1.8,4.6,0.396,0.6,0.9,0.735,0.3,2.7,2.9,1.5,0.9,0.7,0.4,8.9,-1.5,1
1641707,Taylor Hendricks,1610612762,UTA,40,13,27,0.325,21.4,2.7,6.0,0.45,1.3,3.5,0.379,0.6,0.7,0.793,1.2,3.5,4.6,0.8,0.7,0.7,0.8,7.3,-3.8,1
1631386,Taze Moore,1610612757,POR,4,1,3,0.25,10.1,2.0,4.8,0.421,0.3,1.8,0.143,0.3,0.5,0.5,1.0,1.0,2.0,1.3,0.8,0.5,0.0,4.5,-5.5,1
1629611,Terance Mann,1610612746,LAC,75,47,28,0.627,25.0,3.4,6.6,0.515,0.9,2.7,0.348,1.1,1.3,0.832,1.2,2.2,3.4,1.6,0.6,0.6,0.2,8.8,0.7,1
1631173,Terquavion Smith,1610612755,PHI,16,8,8,0.5,5.3,1.1,2.9,0.391,0.8,2.2,0.371,0.2,0.3,0.6,0.0,0.3,0.3,0.8,0.4,0.5,0.0,3.3,-0.4,1
1626179,Terry Rozier,1610612748,MIA,61,22,39,0.361,33.4,7.2,16.4,0.443,2.4,6.7,0.363,2.8,3.2,0.869,0.6,3.5,4.0,5.6,1.7,1.0,0.3,19.8,-4.8,2
1630678,Terry Taylor,1610612741,CHI,31,12,19,0.387,6.1,0.6,1.3,0.513,0.1,0.3,0.222,0.1,0.2,0.8,0.5,0.6,1.2,0.3,0.2,0.2,0.1,1.5,0.5,1
201152,Thaddeus Young,1610612756,PHX,33,12,21,0.364,13.3,2.0,3.3,0.602,0.0,0.2,0.143,0.2,0.5,0.4,1.4,1.7,3.1,1.7,0.5,0.7,0.2,4.2,-1.2,2
203648,Thanasis Antetokounmpo,1610612749,MIL,34,21,13,0.618,4.6,0.5,0.9,0.533,0.0,0.0,0.0,0.0,0.1,0.0,0.2,0.2,0.4,0.5,0.4,0.2,0.1,0.9,-1.2,1
1630177,Theo Maledon,1610612756,PHX,17,5,12,0.294,12.5,1.2,4.1,0.286,0.3,1.8,0.167,0.8,0.9,0.933,0.2,1.2,1.4,1.6,1.1,0.4,0.0,3.5,-3.8,2
1628418,Thomas Bryant,1610612748,MIA,38,22,16,0.579,11.6,2.3,3.9,0.577,0.1,0.6,0.182,1.1,1.2,0.872,1.1,2.7,3.7,0.6,0.6,0.3,0.4,5.7,0.3,1
203501,Tim Hardaway Jr.,1610612742,DAL,79,49,30,0.62,26.8,5.0,12.4,0.402,2.7,7.6,0.353,1.8,2.1,0.852,0.3,2.9,3.2,1.8,0.9,0.5,0.1,14.4,0.2,1
1641851,Timmy Allen,1610612763,MEM,5,0,5,0.0,25.1,1.2,4.6,0.261,0.0,1.4,0.0,0.2,0.4,0.5,0.8,2.6,3.4,1.0,0.4,0.8,0.0,2.6,-13.0,1
202699,Tobias Harris,1610612755,PHI,70,41,29,0.586,33.8,6.6,13.6,0.487,1.3,3.7,0.353,2.7,3.0,0.878,1.1,5.3,6.5,3.1,1.3,1.0,0.7,17.2,3.2,1
1628470,Torrey Craig,1610612741,CHI,53,22,31,0.415,19.8,2.0,4.7,0.43,1.1,2.9,0.392,0.5,0.7,0.75,1.3,2.8,4.1,1.1,0.6,0.6,0.4,5.7,-3.4,1
1641787,Tosan Evbuomwan,1610612765,DET,17,1,16,0.059,21.6,2.1,4.2,0.507,0.7,1.9,0.375,1.0,1.5,0.68,1.1,2.5,3.5,0.9,0.5,0.4,0.3,5.9,-7.5,2
1641739,Toumani Camara,1610612757,POR,70,19,51,0.271,24.8,2.8,6.3,0.45,0.8,2.5,0.337,1.1,1.4,0.758,2.0,2.9,4.9,1.2,1.2,0.9,0.5,7.5,-2.7,1
1629027,Trae Young,1610612737,ATL,54,22,32,0.407,36.0,8.0,18.7,0.43,3.2,8.7,0.373,6.4,7.5,0.855,0.4,2.3,2.8,10.8,4.4,1.3,0.2,25.7,-2.1,1
1631218,Trayce Jackson-Davis,1610612744,GSW,68,39,29,0.574,16.6,3.4,4.9,0.702,0.0,0.0,0.0,1.1,1.9,0.561,2.0,3.0,5.0,1.2,0.7,0.4,1.1,7.9,0.5,1
1630200,Tre Jones,1610612759,SAS,77,21,56,0.273,27.8,3.9,7.8,0.505,0.8,2.5,0.335,1.3,1.5,0.856,0.8,3.0,3.8,6.2,1.5,1.0,0.1,10.0,-0.3,1
1630544,Tre Mann,1610612766,CHA,41,21,20,0.512,24.1,3.5,7.7,0.459,1.1,3.1,0.373,1.1,1.4,0.763,0.5,3.1,3.6,4.0,1.6,1.2,0.1,9.3,-3.1,2
1630570,Trendon Watford,1610612751,BKN,63,25,38,0.397,13.6,2.6,4.9,0.527,0.4,1.1,0.397,1.2,1.5,0.794,0.8,2.3,3.1,1.3,1.0,0.4,0.3,6.9,-1.2,1
1630235,Trent Forrest,1610612737,ATL,38,18,20,0.474,10.9,0.9,2.4,0.378,0.1,0.3,0.2,0.3,0.4,0.765,0.3,1.1,1.3,2.4,0.5,0.3,0.1,2.2,-2.5,1
1630243,Trevelin Queen,1610612753,ORL,14,5,9,0.357,11.8,1.0,2.7,0.368,0.2,1.2,0.176,0.6,0.9,0.75,0.2,1.2,1.4,1.3,0.5,0.5,0.4,2.9,-0.6,1
1641998,Trey Jemison III,1610612763,MEM,25,5,20,0.2,23.0,3.0,5.4,0.551,0.0,0.0,0.0,0.8,1.0,0.84,2.6,2.8,5.4,1.1,1.4,0.5,1.1,6.8,-4.4,2
1626168,Trey Lyles,1610612758,SAC,58,33,25,0.569,20.0,2.5,5.5,0.445,1.4,3.8,0.384,0.8,1.2,0.7,1.1,3.4,4.4,1.2,0.7,0.3,0.3,7.2,3.1,1
1630530,Trey Murphy III,1610612740,NOP,57,35,22,0.614,29.7,4.8,10.9,0.443,3.0,7.8,0.38,2.2,2.6,0.815,0.7,4.2,4.9,2.2,0.6,0.9,0.5,14.8,4.6,1
202684,Tristan Thompson,1610612739,CLE,49,28,21,0.571,11.2,1.5,2.4,0.613,0.0,0.0,0.0,0.3,1.1,0.288,1.5,2.1,3.6,1.0,0.6,0.2,0.3,3.3,-0.3,1
1641774,Tristan Vukcevic,1610612764,WAS,10,3,7,0.3,15.3,2.9,6.7,0.433,1.0,3.6,0.278,1.7,2.2,0.773,0.6,3.0,3.6,1.3,1.0,0.5,0.7,8.5,3.2,1
1628972,Troy Brown Jr.,1610612765,DET,59,30,29,0.508,14.0,1.4,3.8,0.372,0.8,2.4,0.333,0.5,0.6,0.865,0.4,2.0,2.4,1.0,0.5,0.4,0.1,4.2,-2.2,2
1629660,Ty Jerome,1610612739,CLE,2,1,1,0.5,7.4,1.0,2.0,0.5,0.0,0.5,0.0,0.0,0.0,0.0,0.5,0.0,0.5,1.5,0.5,0.0,0.0,2.0,-7.0,1
1631102,TyTy Washington Jr.,1610612749,MIL,11,5,6,0.455,5.1,0.5,1.8,0.3,0.2,0.5,0.333,0.0,0.0,0.0,0.1,0.4,0.5,0.5,0.2,0.3,0.0,1.3,-1.2,1
1629639,Tyler Herro,1610612748,MIA,42,23,19,0.548,33.5,7.7,17.5,0.441,3.1,7.9,0.396,2.3,2.6,0.856,0.5,4.8,5.3,4.5,2.2,0.7,0.1,20.8,0.7,1
1630169,Tyrese Haliburton,1610612754,IND,69,40,29,0.58,32.2,7.2,15.2,0.477,2.8,7.8,0.364,2.8,3.3,0.855,0.5,3.4,3.9,10.9,2.3,1.2,0.7,20.1,4.3,1
1630178,Tyrese Maxey,1610612755,PHI,70,43,27,0.614,37.5,9.1,20.3,0.45,3.0,8.1,0.373,4.7,5.4,0.868,0.5,3.2,3.7,6.2,1.7,1.0,0.5,25.9,4.3,1
1626145,Tyus Jones,1610612764,WAS,66,11,55,0.167,29.3,4.9,10.1,0.489,1.6,3.9,0.414,0.5,0.6,0.8,0.3,2.4,2.7,7.3,1.0,1.1,0.3,12.0,-7.5,1
1628962,Udoka Azubuike,1610612756,PHX,16,12,4,0.75,7.1,1.0,1.4,0.696,0.0,0.0,0.0,0.2,0.8,0.231,0.7,1.3,2.0,0.2,0.3,0.1,0.4,2.2,-3.0,1
1630586,Usman Garuba,1610612744,GSW,6,5,1,0.833,3.0,0.2,1.0,0.167,0.0,0.2,0.0,0.2,0.3,0.5,0.5,0.7,1.2,0.2,0.3,0.2,0.5,0.5,-1.8,1
203995,Vasilije Micic,1610612766,CHA,60,34,26,0.567,19.6,2.7,6.2,0.43,0.7,2.6,0.279,1.0,1.3,0.813,0.2,1.2,1.5,4.4,1.7,0.5,0.1,7.0,-1.2,2
1641705,Victor Wembanyama,1610612759,SAS,71,19,52,0.268,29.7,7.8,16.7,0.465,1.8,5.5,0.325,4.1,5.2,0.796,2.3,8.4,10.6,3.9,3.7,1.2,3.6,21.4,-2.0,1
1631246,Vince Williams Jr.,1610612763,MEM,52,18,34,0.346,27.6,3.3,7.3,0.446,1.5,4.0,0.378,2.0,2.5,0.8,1.1,4.4,5.6,3.4,1.8,0.9,0.7,10.0,-1.8,1
1630249,Vít Krejčí,1610612737,ATL,22,9,13,0.409,24.6,2.3,4.7,0.49,1.3,3.1,0.412,0.2,0.3,0.833,0.5,1.9,2.4,2.3,0.9,0.6,0.3,6.1,0.0,1
1631117,Walker Kessler,1610612762,UTA,64,26,38,0.406,23.3,3.6,5.5,0.654,0.1,0.3,0.211,0.9,1.5,0.602,2.6,4.9,7.5,0.9,1.0,0.5,2.4,8.1,-2.3,1
1628976,Wendell Carter Jr.,1610612753,ORL,55,30,25,0.545,25.6,4.1,7.7,0.525,1.2,3.1,0.374,1.7,2.4,0.694,2.0,4.9,6.9,1.7,1.2,0.6,0.5,11.0,0.9,1
1631111,Wendell Moore Jr.,1610612750,MIN,25,18,7,0.72,3.0,0.4,0.7,0.5,0.0,0.2,0.0,0.0,0.0,0.0,0.0,0.5,0.5,0.2,0.2,0.2,0.0,0.7,-0.2,1
1629117,Wenyen Gabriel,1610612738,BOS,5,1,4,0.2,16.2,1.6,4.4,0.364,0.2,1.2,0.167,0.0,1.0,0.0,1.4,3.6,5.0,0.6,1.6,0.4,0.4,3.4,-3.2,1
202083,Wesley Matthews,1610612737,ATL,36,11,25,0.306,11.5,0.9,2.7,0.351,0.7,1.9,0.348,0.5,0.7,0.75,0.3,1.2,1.5,0.6,0.2,0.4,0.3,3.1,-1.9,1
1629875,Xavier Moon,1610612746,LAC,14,7,7,0.5,8.5,1.1,3.3,0.326,0.1,1.2,0.118,0.1,0.1,0.5,0.6,0.7,1.3,1.5,0.4,0.2,0.2,2.4,-2.6,1
1630214,Xavier Tillman,1610612738,BOS,54,30,24,0.556,18.0,2.2,5.2,0.434,0.4,1.5,0.247,0.4,0.9,0.44,1.3,2.6,3.9,1.4,0.6,0.9,0.8,5.3,-1.1,2
1629139,Yuta Watanabe,1610612763,MEM,34,18,16,0.529,13.7,1.2,3.4,0.353,0.7,2.5,0.294,0.3,0.5,0.588,0.3,1.3,1.6,0.4,0.6,0.4,0.2,3.4,-1.9,2
1628380,Zach Collins,1610612759,SAS,69,19,50,0.275,22.1,4.3,8.9,0.484,0.8,2.6,0.32,1.8,2.3,0.753,1.7,3.7,5.4,2.8,1.9,0.5,0.8,11.2,-5.7,1
203897,Zach LaVine,1610612741,CHI,25,10,15,0.4,34.9,6.8,15.0,0.452,2.4,6.8,0.349,3.5,4.1,0.854,0.3,4.8,5.2,3.9,2.1,0.8,0.3,19.5,-3.7,1
1630285,Zavier Simpson,1610612765,DET,7,1,6,0.143,23.1,2.4,7.7,0.315,0.7,2.4,0.294,0.4,0.6,0.75,0.6,2.3,2.9,3.6,1.4,1.0,0.4,6.0,-4.1,1
1630192,Zeke Nnaji,1610612743,DEN,58,41,17,0.707,9.9,1.2,2.6,0.463,0.1,0.4,0.261,0.7,1.1,0.677,1.1,1.1,2.2,0.6,0.5,0.3,0.7,3.2,-2.9,1
1630533,Ziaire Williams,1610612763,MEM,51,20,31,0.392,20.3,2.9,7.4,0.397,1.1,3.7,0.307,1.2,1.5,0.827,0.7,2.8,3.5,1.5,1.3,0.7,0.2,8.2,-4.8,1
1629627,Zion Williamson,1610612740,NOP,70,42,28,0.6,31.5,8.9,15.6,0.57,0.1,0.3,0.333,5.0,7.1,0.702,1.7,4.1,5.8,5.0,2.8,1.1,0.7,22.9,2.0,1
